-- phpMyAdmin SQL Dump
-- version 5.2.1
-- https://www.phpmyadmin.net/
--
-- Host: 127.0.0.1
-- Generation Time: Feb 21, 2025 at 03:36 PM
-- Server version: 10.4.32-MariaDB
-- PHP Version: 8.2.12

SET SQL_MODE = "NO_AUTO_VALUE_ON_ZERO";
START TRANSACTION;
SET time_zone = "+00:00";


/*!40101 SET @OLD_CHARACTER_SET_CLIENT=@@CHARACTER_SET_CLIENT */;
/*!40101 SET @OLD_CHARACTER_SET_RESULTS=@@CHARACTER_SET_RESULTS */;
/*!40101 SET @OLD_COLLATION_CONNECTION=@@COLLATION_CONNECTION */;
/*!40101 SET NAMES utf8mb4 */;

--
-- Database: `school`
--

-- --------------------------------------------------------

--
-- Table structure for table `cache`
--

CREATE TABLE `cache` (
  `key` varchar(255) NOT NULL,
  `value` mediumtext NOT NULL,
  `expiration` int(11) NOT NULL
) ENGINE=InnoDB DEFAULT CHARSET=utf8mb4 COLLATE=utf8mb4_unicode_ci;

-- --------------------------------------------------------

--
-- Table structure for table `cache_locks`
--

CREATE TABLE `cache_locks` (
  `key` varchar(255) NOT NULL,
  `owner` varchar(255) NOT NULL,
  `expiration` int(11) NOT NULL
) ENGINE=InnoDB DEFAULT CHARSET=utf8mb4 COLLATE=utf8mb4_unicode_ci;

-- --------------------------------------------------------

--
-- Table structure for table `certificates`
--

CREATE TABLE `certificates` (
  `certificateID` bigint(20) UNSIGNED NOT NULL,
  `certificateName` varchar(15) NOT NULL,
  `created_at` timestamp NULL DEFAULT NULL,
  `updated_at` timestamp NULL DEFAULT NULL
) ENGINE=InnoDB DEFAULT CHARSET=utf8mb4 COLLATE=utf8mb4_unicode_ci;

--
-- Dumping data for table `certificates`
--

INSERT INTO `certificates` (`certificateID`, `certificateName`, `created_at`, `updated_at`) VALUES
(1, 'EB1', '2024-12-21 13:39:28', '2024-12-21 13:39:28'),
(2, 'EB2', '2024-12-21 13:39:28', '2024-12-21 13:39:28'),
(3, 'EB3', '2024-12-21 13:39:28', '2024-12-21 13:39:28'),
(4, 'EB4', '2024-12-21 13:39:28', '2024-12-21 13:39:28'),
(5, 'EB5', '2024-12-21 13:39:28', '2024-12-21 13:39:28'),
(6, 'EB6', '2024-12-21 13:39:28', '2024-12-21 13:39:28'),
(7, 'EB7', '2024-12-21 13:39:28', '2024-12-21 13:39:28'),
(8, 'EB8', '2024-12-21 13:39:28', '2024-12-21 13:39:28'),
(9, 'Brevet', '2024-12-21 13:39:28', '2024-12-21 13:39:28'),
(10, 'Second', '2024-12-21 13:39:28', '2024-12-21 13:39:28'),
(11, 'Baccalaureate1', '2024-12-21 13:39:28', '2024-12-21 13:39:28'),
(12, 'Baccalaureate2', '2024-12-21 13:39:28', '2024-12-21 13:39:28');

-- --------------------------------------------------------

--
-- Table structure for table `certificate_departments`
--

CREATE TABLE `certificate_departments` (
  `certificateDepartmentID` bigint(20) UNSIGNED NOT NULL,
  `certificateID` bigint(20) UNSIGNED NOT NULL,
  `departmentID` bigint(20) UNSIGNED NOT NULL,
  `created_at` timestamp NULL DEFAULT NULL,
  `updated_at` timestamp NULL DEFAULT NULL
) ENGINE=InnoDB DEFAULT CHARSET=utf8mb4 COLLATE=utf8mb4_unicode_ci;

--
-- Dumping data for table `certificate_departments`
--

INSERT INTO `certificate_departments` (`certificateDepartmentID`, `certificateID`, `departmentID`, `created_at`, `updated_at`) VALUES
(1, 1, 7, '2024-12-20 00:56:38', '2024-12-20 00:56:38'),
(2, 2, 7, '2024-12-20 00:56:38', '2024-12-20 00:56:38'),
(3, 3, 7, '2024-12-20 00:56:38', '2024-12-20 00:56:38'),
(4, 4, 7, '2024-12-20 00:56:38', '2024-12-20 00:56:38'),
(5, 5, 7, '2024-12-20 00:56:38', '2024-12-20 00:56:38'),
(6, 6, 7, '2024-12-20 00:56:38', '2024-12-20 00:56:38'),
(7, 7, 7, '2024-12-20 00:56:38', '2024-12-20 00:56:38'),
(8, 8, 7, '2024-12-20 00:56:38', '2024-12-20 00:56:38'),
(9, 9, 7, '2024-12-20 00:56:38', '2024-12-20 00:56:38'),
(10, 10, 7, '2024-12-20 00:56:38', '2024-12-20 00:56:38'),
(11, 11, 1, '2024-12-20 00:56:38', '2024-12-20 00:56:38'),
(12, 11, 2, '2024-12-20 00:56:38', '2024-12-20 00:56:38'),
(13, 12, 3, '2024-12-20 00:56:38', '2024-12-20 00:56:38'),
(14, 12, 4, '2024-12-20 00:56:38', '2024-12-20 00:56:38'),
(15, 12, 5, '2024-12-20 00:56:38', '2024-12-20 00:56:38'),
(16, 12, 6, '2024-12-20 00:56:38', '2024-12-20 00:56:38');

-- --------------------------------------------------------

--
-- Table structure for table `classes`
--

CREATE TABLE `classes` (
  `classID` bigint(20) UNSIGNED NOT NULL,
  `languageID` bigint(20) UNSIGNED NOT NULL,
  `sectionID` bigint(20) UNSIGNED NOT NULL,
  `certificateDepartmentID` bigint(20) UNSIGNED NOT NULL,
  `roomNbr` varchar(15) NOT NULL,
  `nbrStud` smallint(5) UNSIGNED NOT NULL,
  `maxNbrStud` smallint(5) UNSIGNED NOT NULL,
  `schoolarYear` varchar(4) NOT NULL,
  `created_at` timestamp NULL DEFAULT NULL,
  `updated_at` timestamp NULL DEFAULT NULL
) ENGINE=InnoDB DEFAULT CHARSET=utf8mb4 COLLATE=utf8mb4_unicode_ci;

--
-- Dumping data for table `classes`
--

INSERT INTO `classes` (`classID`, `languageID`, `sectionID`, `certificateDepartmentID`, `roomNbr`, `nbrStud`, `maxNbrStud`, `schoolarYear`, `created_at`, `updated_at`) VALUES
(1, 1, 1, 1, '101EB1F', 1, 30, '2025', '2024-12-24 14:20:47', '2025-01-18 15:02:33'),
(2, 1, 2, 1, '102EB1F', 0, 30, '2025', '2024-12-24 14:20:47', '2025-01-08 17:09:43'),
(3, 1, 3, 1, '103EB1F', 0, 30, '2025', '2024-12-24 14:20:47', '2025-01-08 17:09:43'),
(4, 2, 1, 1, '104EB1E', 0, 30, '2025', '2024-12-24 14:20:47', '2025-01-08 17:09:43'),
(5, 2, 2, 1, '105EB1E', 0, 30, '2025', '2024-12-24 14:20:47', '2025-01-08 17:09:43'),
(6, 2, 3, 1, '106EB1E', 0, 30, '2025', '2024-12-24 14:20:47', '2025-01-08 17:09:43'),
(7, 1, 1, 2, '107EB2F', 0, 30, '2025', '2024-12-24 14:20:47', '2025-01-08 17:09:43'),
(8, 1, 2, 2, '108EB2F', 0, 30, '2025', '2024-12-24 14:20:47', '2025-01-08 17:09:43'),
(9, 1, 3, 2, '109EB2F', 0, 30, '2025', '2024-12-24 14:20:47', '2025-01-08 17:09:43'),
(10, 2, 1, 2, '110EB2E', 0, 30, '2025', '2024-12-24 14:20:48', '2025-01-08 17:09:43'),
(11, 2, 2, 2, '111EB2E', 0, 30, '2025', '2024-12-24 14:20:48', '2025-01-08 17:09:43'),
(12, 2, 3, 2, '112EB2E', 0, 30, '2025', '2024-12-24 14:20:48', '2025-01-08 17:09:43'),
(13, 1, 1, 3, '113EB3F', 0, 30, '2025', '2024-12-24 14:20:48', '2025-01-08 17:09:43'),
(14, 1, 2, 3, '114EB3F', 0, 30, '2025', '2024-12-24 14:20:48', '2025-01-08 17:09:43'),
(15, 1, 3, 3, '115EB3F', 0, 30, '2025', '2024-12-24 14:20:48', '2025-01-08 17:09:43'),
(16, 2, 1, 3, '116EB3E', 0, 30, '2025', '2024-12-24 14:20:48', '2025-01-08 17:09:43'),
(17, 2, 2, 3, '117EB3E', 0, 30, '2025', '2024-12-24 14:20:48', '2025-01-08 17:09:43'),
(18, 2, 3, 3, '118EB3E', 0, 30, '2025', '2024-12-24 14:20:48', '2025-01-08 17:09:43'),
(19, 1, 1, 4, '119EB4F', 0, 30, '2025', '2024-12-24 14:20:48', '2025-01-08 17:09:43'),
(20, 1, 2, 4, '120EB4F', 0, 30, '2025', '2024-12-24 14:20:48', '2025-01-08 17:09:43'),
(21, 1, 3, 4, '121EB4F', 0, 30, '2025', '2024-12-24 14:20:48', '2025-01-08 17:09:43'),
(22, 2, 1, 4, '122EB4E', 0, 30, '2025', '2024-12-24 14:20:48', '2025-01-08 17:09:43'),
(23, 2, 2, 4, '123EB4E', 0, 30, '2025', '2024-12-24 14:20:48', '2025-01-08 17:09:43'),
(24, 2, 3, 4, '124EB4E', 0, 30, '2025', '2024-12-24 14:20:48', '2025-01-08 17:09:43'),
(25, 1, 1, 5, '201EB5F', 0, 30, '2025', '2024-12-24 14:20:48', '2025-01-08 17:09:43'),
(26, 1, 2, 5, '202EB5F', 0, 30, '2025', '2024-12-24 14:20:48', '2025-01-08 17:09:43'),
(27, 1, 3, 5, '203EB5F', 0, 30, '2025', '2024-12-24 14:20:48', '2025-01-08 17:09:43'),
(28, 2, 1, 5, '204EB5E', 0, 30, '2025', '2024-12-24 14:20:48', '2025-01-08 17:09:43'),
(29, 2, 2, 5, '205EB5E', 0, 30, '2025', '2024-12-24 14:20:48', '2025-01-08 17:09:43'),
(30, 2, 3, 5, '206EB5E', 0, 30, '2025', '2024-12-24 14:20:48', '2025-01-08 17:09:43'),
(31, 1, 1, 6, '207EB6F', 0, 30, '2025', '2024-12-24 14:20:48', '2025-01-08 17:09:43'),
(32, 1, 2, 6, '208EB6F', 0, 30, '2025', '2024-12-24 14:20:48', '2025-01-08 17:09:43'),
(33, 1, 3, 6, '209EB6F', 0, 30, '2025', '2024-12-24 14:20:48', '2025-01-08 17:09:43'),
(34, 2, 1, 6, '210EB6E', 0, 30, '2025', '2024-12-24 14:20:48', '2025-01-08 17:09:43'),
(35, 2, 2, 6, '211EB6E', 0, 30, '2025', '2024-12-24 14:20:48', '2025-01-08 17:09:43'),
(36, 2, 3, 6, '212EB6E', 0, 30, '2025', '2024-12-24 14:20:48', '2025-01-08 17:09:43'),
(37, 1, 1, 7, '213EB7F', 0, 30, '2025', '2024-12-24 14:20:48', '2025-01-08 17:09:43'),
(38, 1, 2, 7, '214EB7F', 0, 30, '2025', '2024-12-24 14:20:48', '2025-01-08 17:09:43'),
(39, 1, 3, 7, '215EB7F', 0, 30, '2025', '2024-12-24 14:20:48', '2025-01-08 17:09:43'),
(40, 2, 1, 7, '216EB7E', 0, 30, '2025', '2024-12-24 14:20:48', '2025-01-08 17:09:43'),
(41, 2, 2, 7, '217EB7E', 0, 30, '2025', '2024-12-24 14:20:48', '2025-01-08 17:09:43'),
(42, 2, 3, 7, '218EB7E', 0, 30, '2025', '2024-12-24 14:20:48', '2025-01-08 17:09:43'),
(43, 1, 1, 8, '219EB8F', 0, 30, '2025', '2024-12-24 14:20:48', '2025-01-08 17:09:43'),
(44, 1, 2, 8, '220EB8F', 0, 30, '2025', '2024-12-24 14:20:48', '2025-01-08 17:09:43'),
(45, 1, 3, 8, '221EB8F', 0, 30, '2025', '2024-12-24 14:20:48', '2025-01-08 17:09:43'),
(46, 2, 1, 8, '222EB8E', 0, 30, '2025', '2024-12-24 14:20:48', '2025-01-08 17:09:43'),
(47, 2, 2, 8, '223EB8E', 0, 30, '2025', '2024-12-24 14:20:48', '2025-01-08 17:09:43'),
(48, 2, 3, 8, '224EB8E', 0, 30, '2025', '2024-12-24 14:20:48', '2025-01-08 17:09:43'),
(49, 1, 1, 9, '301EB9F', 0, 30, '2025', '2024-12-24 14:20:48', '2025-01-08 17:09:43'),
(50, 1, 2, 9, '302EB9F', 0, 30, '2025', '2024-12-24 14:20:48', '2025-01-08 17:09:43'),
(51, 1, 3, 9, '303EB9F', 0, 30, '2025', '2024-12-24 14:20:48', '2025-01-08 17:09:43'),
(52, 2, 1, 9, '304EB9E', 0, 30, '2025', '2024-12-24 14:20:48', '2025-01-08 17:09:43'),
(53, 2, 2, 9, '305EB9E', 0, 30, '2025', '2024-12-24 14:20:48', '2025-01-08 17:09:43'),
(54, 2, 3, 9, '306EB9E', 0, 30, '2025', '2024-12-24 14:20:48', '2025-01-08 17:09:43'),
(55, 1, 1, 10, '307EB10F', 0, 30, '2025', '2024-12-24 14:20:48', '2025-01-08 17:09:43'),
(56, 1, 2, 10, '308EB10F', 0, 30, '2025', '2024-12-24 14:20:48', '2025-01-08 17:09:43'),
(57, 1, 3, 10, '309EB10F', 0, 30, '2025', '2024-12-24 14:20:48', '2025-01-08 17:09:43'),
(58, 2, 1, 10, '310EB10E', 0, 30, '2025', '2024-12-24 14:20:48', '2025-01-08 17:09:43'),
(59, 2, 2, 10, '311EB10E', 0, 30, '2025', '2024-12-24 14:20:48', '2025-01-08 17:09:43'),
(60, 2, 3, 10, '312EB10E', 0, 30, '2025', '2024-12-24 14:20:48', '2025-01-08 17:09:43'),
(61, 1, 1, 11, '313EB11FS', 0, 30, '2025', '2024-12-24 14:20:48', '2025-01-08 17:09:43'),
(62, 1, 2, 11, '314EB11FS', 0, 30, '2025', '2024-12-24 14:20:48', '2025-01-08 17:09:43'),
(63, 1, 3, 11, '315EB11FS', 0, 30, '2025', '2024-12-24 14:20:48', '2025-01-08 17:09:43'),
(64, 2, 1, 11, '316EB11ES', 0, 30, '2025', '2024-12-24 14:20:48', '2025-01-08 17:09:43'),
(65, 2, 2, 11, '317EB11ES', 0, 30, '2025', '2024-12-24 14:20:48', '2025-01-08 17:09:43'),
(66, 2, 3, 11, '318EB11ES', 0, 30, '2025', '2024-12-24 14:20:48', '2025-01-08 17:09:43'),
(67, 1, 1, 12, '319EB11FL', 0, 30, '2025', '2024-12-24 14:20:48', '2025-01-08 17:09:43'),
(68, 1, 2, 12, '320EB11FL', 0, 30, '2025', '2024-12-24 14:20:48', '2025-01-08 17:09:43'),
(69, 1, 3, 12, '321EB11FL', 0, 30, '2025', '2024-12-24 14:20:48', '2025-01-08 17:09:43'),
(70, 2, 1, 12, '322EB11EL', 0, 30, '2025', '2024-12-24 14:20:48', '2025-01-08 17:09:43'),
(71, 2, 2, 12, '323EB11EL', 0, 30, '2025', '2024-12-24 14:20:48', '2025-01-08 17:09:43'),
(72, 2, 3, 12, '324EB11EL', 0, 30, '2025', '2024-12-24 14:20:48', '2025-01-08 17:09:43'),
(73, 1, 1, 13, '401EB12FLS', 0, 30, '2025', '2024-12-24 14:20:48', '2025-01-08 17:09:43'),
(74, 1, 2, 13, '402EB12FLS', 0, 30, '2025', '2024-12-24 14:20:48', '2025-01-08 17:09:43'),
(75, 1, 3, 13, '403EB12FLS', 0, 30, '2025', '2024-12-24 14:20:48', '2025-01-08 17:09:43'),
(76, 2, 1, 13, '404EB12ELS', 0, 30, '2025', '2024-12-24 14:20:48', '2025-01-08 17:09:43'),
(77, 2, 2, 13, '405EB12ELS', 0, 30, '2025', '2024-12-24 14:20:48', '2025-01-08 17:09:43'),
(78, 2, 3, 13, '406EB12ELS', 0, 30, '2025', '2024-12-24 14:20:48', '2025-01-08 17:09:43'),
(79, 1, 1, 14, '407EB12FGS', 0, 30, '2025', '2024-12-24 14:20:48', '2025-01-08 17:09:43'),
(80, 1, 2, 14, '408EB12FGS', 0, 30, '2025', '2024-12-24 14:20:48', '2025-01-08 17:09:43'),
(81, 1, 3, 14, '409EB12FGS', 0, 30, '2025', '2024-12-24 14:20:48', '2025-01-08 17:09:43'),
(82, 2, 1, 14, '410EB12EGS', 0, 30, '2025', '2024-12-24 14:20:48', '2025-01-08 17:09:43'),
(83, 2, 2, 14, '411EB12EGS', 0, 30, '2025', '2024-12-24 14:20:48', '2025-01-08 17:09:43'),
(84, 2, 3, 14, '412EB12EGS', 0, 30, '2025', '2024-12-24 14:20:48', '2025-01-08 17:09:43'),
(85, 1, 1, 15, '413EB12FES', 0, 30, '2025', '2024-12-24 14:20:48', '2025-01-08 17:09:43'),
(86, 1, 2, 15, '414EB12FES', 0, 30, '2025', '2024-12-24 14:20:48', '2025-01-08 17:09:43'),
(87, 1, 3, 15, '415EB12FES', 0, 30, '2025', '2024-12-24 14:20:48', '2025-01-08 17:09:43'),
(88, 2, 1, 15, '416EB12EES', 0, 30, '2025', '2024-12-24 14:20:48', '2025-01-08 17:09:43'),
(89, 2, 2, 15, '417EB12EES', 0, 30, '2025', '2024-12-24 14:20:48', '2025-01-08 17:09:43'),
(90, 2, 3, 15, '418EB12EES', 0, 30, '2025', '2024-12-24 14:20:48', '2025-01-08 17:09:43'),
(91, 1, 1, 16, '419EB12FEH', 0, 30, '2025', '2024-12-24 14:20:48', '2025-01-08 17:09:43'),
(92, 1, 2, 16, '420EB12FEH', 0, 30, '2025', '2024-12-24 14:20:48', '2025-01-08 17:09:43'),
(93, 1, 3, 16, '421EB12FEH', 0, 30, '2025', '2024-12-24 14:20:48', '2025-01-08 17:09:43'),
(94, 2, 1, 16, '422EB12EEH', 0, 30, '2025', '2024-12-24 14:20:48', '2025-01-08 17:09:43'),
(95, 2, 2, 16, '423EB12EEH', 0, 30, '2025', '2024-12-24 14:20:48', '2025-01-08 17:09:43'),
(96, 2, 3, 16, '424EB12EEH', 0, 30, '2025', '2024-12-24 14:20:48', '2025-01-08 17:09:43');

-- --------------------------------------------------------

--
-- Table structure for table `class_teachers`
--

CREATE TABLE `class_teachers` (
  `classTeacherID` bigint(20) UNSIGNED NOT NULL,
  `classID` bigint(20) UNSIGNED NOT NULL,
  `userID` bigint(20) UNSIGNED NOT NULL,
  `created_at` timestamp NULL DEFAULT NULL,
  `updated_at` timestamp NULL DEFAULT NULL
) ENGINE=InnoDB DEFAULT CHARSET=utf8mb4 COLLATE=utf8mb4_unicode_ci;

--
-- Dumping data for table `class_teachers`
--

INSERT INTO `class_teachers` (`classTeacherID`, `classID`, `userID`, `created_at`, `updated_at`) VALUES
(1, 17, 57, '2025-01-07 16:54:09', '2025-01-07 16:54:09'),
(2, 1, 57, '2025-01-07 16:54:09', '2025-01-07 16:54:09'),
(3, 15, 57, '2025-01-07 16:54:09', '2025-01-07 16:54:09'),
(4, 1, 57, '2025-01-07 16:54:09', '2025-01-07 16:54:09'),
(9, 1, 59, '2025-01-08 17:40:20', '2025-01-08 17:40:20'),
(10, 15, 59, '2025-01-08 17:40:20', '2025-01-08 17:40:20'),
(11, 6, 59, '2025-01-08 17:40:20', '2025-01-08 17:40:20'),
(12, 1, 61, '2025-01-11 10:45:56', '2025-01-11 10:45:56'),
(13, 1, 61, '2025-01-11 10:45:56', '2025-01-11 10:45:56'),
(14, 2, 61, '2025-01-11 10:45:56', '2025-01-11 10:45:56'),
(15, 1, 63, '2025-01-18 16:24:34', '2025-01-18 16:24:34'),
(16, 1, 63, '2025-01-18 16:24:34', '2025-01-18 16:24:34'),
(17, 1, 63, '2025-01-18 16:24:34', '2025-01-18 16:24:34'),
(18, 1, 63, '2025-01-18 16:24:34', '2025-01-18 16:24:34'),
(19, 1, 63, '2025-01-18 16:24:34', '2025-01-18 16:24:34'),
(20, 1, 63, '2025-01-18 16:24:34', '2025-01-18 16:24:34');

-- --------------------------------------------------------

--
-- Table structure for table `departments`
--

CREATE TABLE `departments` (
  `departmentID` bigint(20) UNSIGNED NOT NULL,
  `departmentName` varchar(40) NOT NULL,
  `code` varchar(2) NOT NULL,
  `created_at` timestamp NULL DEFAULT NULL,
  `updated_at` timestamp NULL DEFAULT NULL
) ENGINE=InnoDB DEFAULT CHARSET=utf8mb4 COLLATE=utf8mb4_unicode_ci;

--
-- Dumping data for table `departments`
--

INSERT INTO `departments` (`departmentID`, `departmentName`, `code`, `created_at`, `updated_at`) VALUES
(1, 'Scientific', 'S', '2024-12-22 05:10:48', '2024-12-22 05:10:48'),
(2, 'Leterary', 'L', '2024-12-22 05:10:48', '2024-12-22 05:10:48'),
(3, 'Life Science', 'LS', '2024-12-22 05:10:48', '2024-12-22 05:10:48'),
(4, 'General Science', 'GS', '2024-12-22 05:10:48', '2024-12-22 05:10:48'),
(5, 'Economic & Society', 'ES', '2024-12-22 05:10:48', '2024-12-22 05:10:48'),
(6, 'Humanity', 'SE', '2024-12-22 05:10:48', '2024-12-22 05:10:48'),
(7, 'Not Specefied', 'NS', '2024-12-22 05:10:48', '2024-12-22 05:10:48');

-- --------------------------------------------------------

--
-- Table structure for table `failed_jobs`
--

CREATE TABLE `failed_jobs` (
  `id` bigint(20) UNSIGNED NOT NULL,
  `uuid` varchar(255) NOT NULL,
  `connection` text NOT NULL,
  `queue` text NOT NULL,
  `payload` longtext NOT NULL,
  `exception` longtext NOT NULL,
  `failed_at` timestamp NOT NULL DEFAULT current_timestamp()
) ENGINE=InnoDB DEFAULT CHARSET=utf8mb4 COLLATE=utf8mb4_unicode_ci;

-- --------------------------------------------------------

--
-- Table structure for table `genders`
--

CREATE TABLE `genders` (
  `genderID` bigint(20) UNSIGNED NOT NULL,
  `genderName` varchar(7) NOT NULL,
  `created_at` timestamp NULL DEFAULT NULL,
  `updated_at` timestamp NULL DEFAULT NULL
) ENGINE=InnoDB DEFAULT CHARSET=utf8mb4 COLLATE=utf8mb4_unicode_ci;

--
-- Dumping data for table `genders`
--

INSERT INTO `genders` (`genderID`, `genderName`, `created_at`, `updated_at`) VALUES
(1, 'Male', '2024-12-23 14:15:57', '2024-12-23 14:15:57'),
(2, 'Female', '2024-12-23 14:15:57', '2024-12-23 14:15:57');

-- --------------------------------------------------------

--
-- Table structure for table `grades`
--

CREATE TABLE `grades` (
  `gradeID` bigint(20) UNSIGNED NOT NULL,
  `grade` smallint(5) UNSIGNED NOT NULL,
  `created_at` timestamp NULL DEFAULT NULL,
  `updated_at` timestamp NULL DEFAULT NULL
) ENGINE=InnoDB DEFAULT CHARSET=utf8mb4 COLLATE=utf8mb4_unicode_ci;

--
-- Dumping data for table `grades`
--

INSERT INTO `grades` (`gradeID`, `grade`, `created_at`, `updated_at`) VALUES
(1, 22, '2025-01-17 08:47:43', '2025-01-17 08:47:43'),
(2, 80, '2025-01-17 11:46:51', '2025-01-17 11:46:51'),
(3, 80, '2025-01-18 13:58:23', '2025-01-18 13:58:23'),
(4, 100, '2025-01-18 14:28:28', '2025-01-18 14:28:28'),
(5, 90, '2025-01-18 16:27:44', '2025-01-18 16:27:44'),
(6, 80, '2025-01-18 16:27:55', '2025-01-18 16:27:55'),
(7, 50, '2025-01-18 16:28:05', '2025-01-18 16:28:05'),
(8, 45, '2025-01-18 16:28:54', '2025-01-18 16:28:54'),
(9, 85, '2025-01-18 16:31:36', '2025-01-18 16:31:36'),
(10, 50, '2025-01-18 16:31:46', '2025-01-18 16:31:46'),
(11, 65, '2025-01-18 16:31:57', '2025-01-18 16:31:57'),
(12, 60, '2025-01-18 16:32:07', '2025-01-18 16:32:07');

-- --------------------------------------------------------

--
-- Table structure for table `grade_user_classe_subject_terms`
--

CREATE TABLE `grade_user_classe_subject_terms` (
  `gradeUserClasseSubjectTermID` bigint(20) UNSIGNED NOT NULL,
  `gradeID` bigint(20) UNSIGNED NOT NULL,
  `userID` bigint(20) UNSIGNED NOT NULL,
  `classID` bigint(20) UNSIGNED NOT NULL,
  `subjectID` bigint(20) UNSIGNED NOT NULL,
  `termID` bigint(20) UNSIGNED NOT NULL,
  `role` varchar(255) NOT NULL DEFAULT 'student',
  `created_at` timestamp NULL DEFAULT NULL,
  `updated_at` timestamp NULL DEFAULT NULL
) ENGINE=InnoDB DEFAULT CHARSET=utf8mb4 COLLATE=utf8mb4_unicode_ci;

--
-- Dumping data for table `grade_user_classe_subject_terms`
--

INSERT INTO `grade_user_classe_subject_terms` (`gradeUserClasseSubjectTermID`, `gradeID`, `userID`, `classID`, `subjectID`, `termID`, `role`, `created_at`, `updated_at`) VALUES
(1, 1, 53, 1, 5, 1, 'student', '2025-01-17 08:47:43', '2025-01-17 08:47:43'),
(2, 1, 61, 1, 5, 1, 'teacher', '2025-01-17 08:47:43', '2025-01-17 08:47:43'),
(3, 2, 56, 2, 1, 1, 'student', '2025-01-17 11:46:51', '2025-01-17 11:46:51'),
(4, 2, 61, 2, 1, 1, 'teacher', '2025-01-17 11:46:51', '2025-01-17 11:46:51'),
(5, 3, 53, 1, 1, 1, 'student', '2025-01-18 13:58:23', '2025-01-18 13:58:23'),
(6, 3, 61, 1, 1, 1, 'teacher', '2025-01-18 13:58:23', '2025-01-18 13:58:23'),
(7, 4, 56, 2, 1, 2, 'student', '2025-01-18 14:28:28', '2025-01-18 14:28:28'),
(8, 4, 61, 2, 1, 2, 'teacher', '2025-01-18 14:28:28', '2025-01-18 14:28:28'),
(9, 5, 62, 1, 1, 2, 'student', '2025-01-18 16:27:44', '2025-01-18 16:27:44'),
(10, 5, 63, 1, 1, 2, 'teacher', '2025-01-18 16:27:44', '2025-01-18 16:27:44'),
(11, 6, 62, 1, 5, 2, 'student', '2025-01-18 16:27:55', '2025-01-18 16:27:55'),
(12, 6, 63, 1, 5, 2, 'teacher', '2025-01-18 16:27:55', '2025-01-18 16:27:55'),
(13, 7, 62, 1, 6, 2, 'student', '2025-01-18 16:28:05', '2025-01-18 16:28:05'),
(14, 7, 63, 1, 6, 2, 'teacher', '2025-01-18 16:28:05', '2025-01-18 16:28:05'),
(15, 8, 62, 1, 7, 2, 'student', '2025-01-18 16:28:54', '2025-01-18 16:28:54'),
(16, 8, 63, 1, 7, 2, 'teacher', '2025-01-18 16:28:54', '2025-01-18 16:28:54'),
(17, 9, 62, 1, 1, 1, 'student', '2025-01-18 16:31:36', '2025-01-18 16:31:36'),
(18, 9, 63, 1, 1, 1, 'teacher', '2025-01-18 16:31:36', '2025-01-18 16:31:36'),
(19, 10, 62, 1, 5, 1, 'student', '2025-01-18 16:31:46', '2025-01-18 16:31:46'),
(20, 10, 63, 1, 5, 1, 'teacher', '2025-01-18 16:31:46', '2025-01-18 16:31:46'),
(21, 11, 62, 1, 6, 1, 'student', '2025-01-18 16:31:57', '2025-01-18 16:31:57'),
(22, 11, 63, 1, 6, 1, 'teacher', '2025-01-18 16:31:57', '2025-01-18 16:31:57'),
(23, 12, 62, 1, 7, 1, 'student', '2025-01-18 16:32:07', '2025-01-18 16:32:07'),
(24, 12, 63, 1, 7, 1, 'teacher', '2025-01-18 16:32:07', '2025-01-18 16:32:07');

-- --------------------------------------------------------

--
-- Table structure for table `images`
--

CREATE TABLE `images` (
  `id` bigint(20) UNSIGNED NOT NULL,
  `image` varchar(255) NOT NULL,
  `created_at` timestamp NULL DEFAULT NULL,
  `updated_at` timestamp NULL DEFAULT NULL
) ENGINE=InnoDB DEFAULT CHARSET=utf8mb4 COLLATE=utf8mb4_unicode_ci;

--
-- Dumping data for table `images`
--

INSERT INTO `images` (`id`, `image`, `created_at`, `updated_at`) VALUES
(1, 'IMG_MzGlc9mWyiAW.jpg', '2025-01-19 13:06:12', '2025-01-19 13:06:12'),
(2, 'IMG_bdPRWcW3ESGM.jpg', '2025-01-19 13:10:53', '2025-01-19 13:10:53');

-- --------------------------------------------------------

--
-- Table structure for table `jobs`
--

CREATE TABLE `jobs` (
  `id` bigint(20) UNSIGNED NOT NULL,
  `queue` varchar(255) NOT NULL,
  `payload` longtext NOT NULL,
  `attempts` tinyint(3) UNSIGNED NOT NULL,
  `reserved_at` int(10) UNSIGNED DEFAULT NULL,
  `available_at` int(10) UNSIGNED NOT NULL,
  `created_at` int(10) UNSIGNED NOT NULL
) ENGINE=InnoDB DEFAULT CHARSET=utf8mb4 COLLATE=utf8mb4_unicode_ci;

-- --------------------------------------------------------

--
-- Table structure for table `job_batches`
--

CREATE TABLE `job_batches` (
  `id` varchar(255) NOT NULL,
  `name` varchar(255) NOT NULL,
  `total_jobs` int(11) NOT NULL,
  `pending_jobs` int(11) NOT NULL,
  `failed_jobs` int(11) NOT NULL,
  `failed_job_ids` longtext NOT NULL,
  `options` mediumtext DEFAULT NULL,
  `cancelled_at` int(11) DEFAULT NULL,
  `created_at` int(11) NOT NULL,
  `finished_at` int(11) DEFAULT NULL
) ENGINE=InnoDB DEFAULT CHARSET=utf8mb4 COLLATE=utf8mb4_unicode_ci;

-- --------------------------------------------------------

--
-- Table structure for table `languages`
--

CREATE TABLE `languages` (
  `languageID` bigint(20) UNSIGNED NOT NULL,
  `languageName` varchar(9) NOT NULL,
  `created_at` timestamp NULL DEFAULT NULL,
  `updated_at` timestamp NULL DEFAULT NULL
) ENGINE=InnoDB DEFAULT CHARSET=utf8mb4 COLLATE=utf8mb4_unicode_ci;

--
-- Dumping data for table `languages`
--

INSERT INTO `languages` (`languageID`, `languageName`, `created_at`, `updated_at`) VALUES
(1, 'English', '2024-12-21 13:47:13', '2024-12-21 13:47:13'),
(2, 'French', '2024-12-21 13:47:13', '2024-12-21 13:47:13');

-- --------------------------------------------------------

--
-- Table structure for table `migrations`
--

CREATE TABLE `migrations` (
  `id` int(10) UNSIGNED NOT NULL,
  `migration` varchar(255) NOT NULL,
  `batch` int(11) NOT NULL
) ENGINE=InnoDB DEFAULT CHARSET=utf8mb4 COLLATE=utf8mb4_unicode_ci;

--
-- Dumping data for table `migrations`
--

INSERT INTO `migrations` (`id`, `migration`, `batch`) VALUES
(23, '0001_01_01_000000_create_users_table', 1),
(24, '0001_01_01_000001_create_cache_table', 1),
(25, '0001_01_01_000002_create_jobs_table', 1),
(26, '2024_12_28_185257_create_genders_table', 1),
(27, '2024_12_28_185830_create_nationalities_table', 1),
(28, '2024_12_28_190202_create_certificates_table', 1),
(29, '2024_12_28_190511_create_departments_table', 1),
(30, '2024_12_28_191514_create_sections_table', 1),
(31, '2024_12_28_191712_create_languages_table', 1),
(32, '2024_12_28_191914_create_subjects_table', 1),
(33, '2024_12_28_193326_create_certificate_departments_table', 1),
(34, '2024_12_28_193828_create_classes_table', 1),
(35, '2024_12_28_195237_create_class_teachers_table', 1),
(36, '2024_12_28_195846_add_columns_in_users_table', 1),
(37, '2024_12_29_165951_create_teacher_subjects_table', 2),
(42, '2024_12_29_170554_create_subject_certificate_departments_table', 3),
(43, '2025_01_08_130526_edit_column_in_class_teachers_table', 4),
(44, '2025_01_08_132320_edit_column_in_teacher_subjects_table', 5),
(45, '2025_01_09_101617_create_subject_teacher_classes_table', 6),
(47, '2025_01_15_143351_create_grades_table', 7),
(48, '2025_01_15_144042_create_terms_table', 8),
(49, '2025_01_15_192631_create_grade_user_classe_subject_terms_table', 9),
(50, '2025_01_17_175216_add_column_active_in_terms_table', 10),
(51, '2025_01_19_102131_create_images_table', 11);

-- --------------------------------------------------------

--
-- Table structure for table `nationalities`
--

CREATE TABLE `nationalities` (
  `nationalityID` bigint(20) UNSIGNED NOT NULL,
  `nationalityName` varchar(30) NOT NULL,
  `created_at` timestamp NULL DEFAULT NULL,
  `updated_at` timestamp NULL DEFAULT NULL
) ENGINE=InnoDB DEFAULT CHARSET=utf8mb4 COLLATE=utf8mb4_unicode_ci;

--
-- Dumping data for table `nationalities`
--

INSERT INTO `nationalities` (`nationalityID`, `nationalityName`, `created_at`, `updated_at`) VALUES
(1, 'Lebanon', '2024-12-21 13:22:24', '2024-12-21 13:22:24');

-- --------------------------------------------------------

--
-- Table structure for table `password_reset_tokens`
--

CREATE TABLE `password_reset_tokens` (
  `email` varchar(255) NOT NULL,
  `token` varchar(255) NOT NULL,
  `created_at` timestamp NULL DEFAULT NULL
) ENGINE=InnoDB DEFAULT CHARSET=utf8mb4 COLLATE=utf8mb4_unicode_ci;

-- --------------------------------------------------------

--
-- Table structure for table `sections`
--

CREATE TABLE `sections` (
  `sectionID` bigint(20) UNSIGNED NOT NULL,
  `sectionName` varchar(1) NOT NULL,
  `created_at` timestamp NULL DEFAULT NULL,
  `updated_at` timestamp NULL DEFAULT NULL
) ENGINE=InnoDB DEFAULT CHARSET=utf8mb4 COLLATE=utf8mb4_unicode_ci;

--
-- Dumping data for table `sections`
--

INSERT INTO `sections` (`sectionID`, `sectionName`, `created_at`, `updated_at`) VALUES
(1, 'A', '2024-12-21 13:57:30', '2024-12-21 13:57:30'),
(2, 'B', '2024-12-21 13:57:30', '2024-12-21 13:57:30'),
(3, 'C', '2024-12-21 13:57:30', '2024-12-21 13:57:30');

-- --------------------------------------------------------

--
-- Table structure for table `sessions`
--

CREATE TABLE `sessions` (
  `id` varchar(255) NOT NULL,
  `user_id` bigint(20) UNSIGNED DEFAULT NULL,
  `ip_address` varchar(45) DEFAULT NULL,
  `user_agent` text DEFAULT NULL,
  `payload` longtext NOT NULL,
  `last_activity` int(11) NOT NULL
) ENGINE=InnoDB DEFAULT CHARSET=utf8mb4 COLLATE=utf8mb4_unicode_ci;

--
-- Dumping data for table `sessions`
--

INSERT INTO `sessions` (`id`, `user_id`, `ip_address`, `user_agent`, `payload`, `last_activity`) VALUES
('4z0gCfbpTSoJde0R1wItGYhNJVGYvEVZuIyWsyNP', 2, '127.0.0.1', 'Mozilla/5.0 (Windows NT 10.0; Win64; x64) AppleWebKit/537.36 (KHTML, like Gecko) Chrome/132.0.0.0 Safari/537.36', 'YTo0OntzOjY6Il90b2tlbiI7czo0MDoiQUpsdDc0Wkd3UlA3UksyQldzckxFUlk2amVKRGZ3eUFUYWdlOEhPRiI7czo5OiJfcHJldmlvdXMiO2E6MTp7czozOiJ1cmwiO3M6Mzc6Imh0dHA6Ly8xMjcuMC4wLjE6ODAwMC9zdHVkZW50cz9wYWdlPTMiO31zOjY6Il9mbGFzaCI7YToyOntzOjM6Im9sZCI7YTowOnt9czozOiJuZXciO2E6MDp7fX1zOjUwOiJsb2dpbl93ZWJfNTliYTM2YWRkYzJiMmY5NDAxNTgwZjAxNGM3ZjU4ZWE0ZTMwOTg5ZCI7aToyO30=', 1737317756),
('kHwMXW3mWc9XFB5Nyo7BCJo5QwObFuos7op6ecnC', NULL, '127.0.0.1', 'Mozilla/5.0 (Windows NT 10.0; Win64; x64) AppleWebKit/537.36 (KHTML, like Gecko) Chrome/132.0.0.0 Safari/537.36', 'YTozOntzOjY6Il90b2tlbiI7czo0MDoiejIwN1p5Q2daMHJzQVh5NUlKYVQ4UE8xa0tNb2RCWXBweVhCZG5SeiI7czo5OiJfcHJldmlvdXMiO2E6MTp7czozOiJ1cmwiO3M6MjE6Imh0dHA6Ly8xMjcuMC4wLjE6ODAwMCI7fXM6NjoiX2ZsYXNoIjthOjI6e3M6Mzoib2xkIjthOjA6e31zOjM6Im5ldyI7YTowOnt9fX0=', 1740147326),
('L81B2OVf9HnnoCAUeM1diN66xUCb7UaoyLgbWSXt', NULL, '127.0.0.1', 'Mozilla/5.0 (Windows NT 10.0; Win64; x64) AppleWebKit/537.36 (KHTML, like Gecko) Chrome/132.0.0.0 Safari/537.36', 'YTozOntzOjY6Il90b2tlbiI7czo0MDoiRng1U0h0TzNFR3ZPSERKNTVkNEJUb1duc3R5SjNhUXVsekF1MlRveiI7czo5OiJfcHJldmlvdXMiO2E6MTp7czozOiJ1cmwiO3M6MjE6Imh0dHA6Ly8xMjcuMC4wLjE6ODAwMCI7fXM6NjoiX2ZsYXNoIjthOjI6e3M6Mzoib2xkIjthOjA6e31zOjM6Im5ldyI7YTowOnt9fX0=', 1737402542);

-- --------------------------------------------------------

--
-- Table structure for table `subjects`
--

CREATE TABLE `subjects` (
  `subjectID` bigint(20) UNSIGNED NOT NULL,
  `subjectName` varchar(30) NOT NULL,
  `created_at` timestamp NULL DEFAULT NULL,
  `updated_at` timestamp NULL DEFAULT NULL
) ENGINE=InnoDB DEFAULT CHARSET=utf8mb4 COLLATE=utf8mb4_unicode_ci;

--
-- Dumping data for table `subjects`
--

INSERT INTO `subjects` (`subjectID`, `subjectName`, `created_at`, `updated_at`) VALUES
(1, 'Math', '2024-12-21 14:21:06', '2024-12-21 14:21:06'),
(2, 'Physics', '2024-12-21 14:21:06', '2024-12-21 14:21:06'),
(3, 'Chemistry', '2024-12-21 14:21:06', '2024-12-21 14:21:06'),
(4, 'Biology', '2024-12-21 14:21:06', '2024-12-21 14:21:06'),
(5, 'Science', '2024-12-21 14:21:06', '2024-12-21 14:21:06'),
(6, 'History', '2024-12-21 14:21:06', '2024-12-21 14:21:06'),
(7, 'Geography', '2024-12-21 14:21:06', '2024-12-21 14:21:06'),
(8, 'Civil', '2024-12-21 14:21:06', '2024-12-21 14:21:06'),
(9, 'Philosophy', '2024-12-21 14:21:06', '2024-12-21 14:21:06'),
(10, 'Economic', '2024-12-21 14:21:06', '2024-12-21 14:21:06'),
(11, 'Sociology', '2024-12-21 14:21:06', '2024-12-21 14:21:06'),
(12, 'Language', '2024-12-22 11:26:11', '2024-12-22 11:26:11');

-- --------------------------------------------------------

--
-- Table structure for table `subject_certificate_departments`
--

CREATE TABLE `subject_certificate_departments` (
  `subjectCertificateDepartmentID` bigint(20) UNSIGNED NOT NULL,
  `subjectID` bigint(20) UNSIGNED NOT NULL,
  `certificateDepartmentID` bigint(20) UNSIGNED NOT NULL,
  `created_at` timestamp NULL DEFAULT NULL,
  `updated_at` timestamp NULL DEFAULT NULL
) ENGINE=InnoDB DEFAULT CHARSET=utf8mb4 COLLATE=utf8mb4_unicode_ci;

--
-- Dumping data for table `subject_certificate_departments`
--

INSERT INTO `subject_certificate_departments` (`subjectCertificateDepartmentID`, `subjectID`, `certificateDepartmentID`, `created_at`, `updated_at`) VALUES
(1, 1, 1, '2024-12-30 09:40:14', '2024-12-30 09:40:14'),
(2, 1, 2, '2024-12-30 09:40:14', '2024-12-30 09:40:14'),
(3, 1, 3, '2024-12-30 09:40:14', '2024-12-30 09:40:14'),
(4, 1, 4, '2024-12-30 09:40:14', '2024-12-30 09:40:14'),
(5, 1, 5, '2024-12-30 09:40:14', '2024-12-30 09:40:14'),
(6, 1, 6, '2024-12-30 09:40:14', '2024-12-30 09:40:14'),
(7, 1, 7, '2024-12-30 09:40:14', '2024-12-30 09:40:14'),
(8, 1, 8, '2024-12-30 09:40:14', '2024-12-30 09:40:14'),
(9, 1, 9, '2024-12-30 09:40:14', '2024-12-30 09:40:14'),
(10, 1, 10, '2024-12-30 09:40:14', '2024-12-30 09:40:14'),
(11, 1, 11, '2024-12-30 09:40:14', '2024-12-30 09:40:14'),
(12, 1, 12, '2024-12-30 09:40:14', '2024-12-30 09:40:14'),
(13, 1, 13, '2024-12-30 09:40:14', '2024-12-30 09:40:14'),
(14, 1, 14, '2024-12-30 09:40:14', '2024-12-30 09:40:14'),
(15, 1, 15, '2024-12-30 09:40:14', '2024-12-30 09:40:14'),
(16, 1, 16, '2024-12-30 09:40:14', '2024-12-30 09:40:14'),
(17, 2, 7, '2024-12-30 09:40:34', '2024-12-30 09:40:34'),
(18, 2, 8, '2024-12-30 09:40:34', '2024-12-30 09:40:34'),
(19, 2, 9, '2024-12-30 09:40:34', '2024-12-30 09:40:34'),
(20, 2, 10, '2024-12-30 09:40:34', '2024-12-30 09:40:34'),
(21, 2, 11, '2024-12-30 09:40:34', '2024-12-30 09:40:34'),
(22, 2, 12, '2024-12-30 09:40:34', '2024-12-30 09:40:34'),
(23, 2, 13, '2024-12-30 09:40:34', '2024-12-30 09:40:34'),
(24, 2, 14, '2024-12-30 09:40:34', '2024-12-30 09:40:34'),
(25, 2, 15, '2024-12-30 09:40:34', '2024-12-30 09:40:34'),
(26, 2, 16, '2024-12-30 09:40:34', '2024-12-30 09:40:34'),
(27, 3, 7, '2024-12-30 09:40:52', '2024-12-30 09:40:52'),
(28, 3, 8, '2024-12-30 09:40:52', '2024-12-30 09:40:52'),
(29, 3, 9, '2024-12-30 09:40:52', '2024-12-30 09:40:52'),
(30, 3, 10, '2024-12-30 09:40:52', '2024-12-30 09:40:52'),
(31, 3, 11, '2024-12-30 09:40:52', '2024-12-30 09:40:52'),
(32, 3, 12, '2024-12-30 09:40:52', '2024-12-30 09:40:52'),
(33, 3, 13, '2024-12-30 09:40:52', '2024-12-30 09:40:52'),
(34, 3, 14, '2024-12-30 09:40:52', '2024-12-30 09:40:52'),
(35, 3, 15, '2024-12-30 09:40:52', '2024-12-30 09:40:52'),
(36, 3, 16, '2024-12-30 09:40:52', '2024-12-30 09:40:52'),
(37, 4, 7, '2024-12-30 09:41:07', '2024-12-30 09:41:07'),
(38, 4, 8, '2024-12-30 09:41:07', '2024-12-30 09:41:07'),
(39, 4, 9, '2024-12-30 09:41:07', '2024-12-30 09:41:07'),
(40, 4, 10, '2024-12-30 09:41:07', '2024-12-30 09:41:07'),
(41, 4, 11, '2024-12-30 09:41:07', '2024-12-30 09:41:07'),
(42, 4, 12, '2024-12-30 09:41:07', '2024-12-30 09:41:07'),
(43, 4, 13, '2024-12-30 09:41:07', '2024-12-30 09:41:07'),
(44, 4, 14, '2024-12-30 09:41:07', '2024-12-30 09:41:07'),
(45, 4, 15, '2024-12-30 09:41:07', '2024-12-30 09:41:07'),
(46, 4, 16, '2024-12-30 09:41:07', '2024-12-30 09:41:07'),
(47, 5, 1, '2024-12-30 09:42:39', '2024-12-30 09:42:39'),
(48, 5, 2, '2024-12-30 09:42:39', '2024-12-30 09:42:39'),
(49, 5, 3, '2024-12-30 09:42:39', '2024-12-30 09:42:39'),
(50, 5, 4, '2024-12-30 09:42:39', '2024-12-30 09:42:39'),
(51, 5, 5, '2024-12-30 09:42:39', '2024-12-30 09:42:39'),
(52, 5, 6, '2024-12-30 09:42:39', '2024-12-30 09:42:39'),
(53, 6, 1, '2024-12-30 10:55:02', '2024-12-30 10:55:02'),
(54, 6, 2, '2024-12-30 10:55:02', '2024-12-30 10:55:02'),
(55, 6, 3, '2024-12-30 10:55:02', '2024-12-30 10:55:02'),
(56, 6, 4, '2024-12-30 10:55:02', '2024-12-30 10:55:02'),
(57, 6, 5, '2024-12-30 10:55:02', '2024-12-30 10:55:02'),
(58, 6, 6, '2024-12-30 10:55:02', '2024-12-30 10:55:02'),
(59, 6, 7, '2024-12-30 10:55:02', '2024-12-30 10:55:02'),
(60, 6, 8, '2024-12-30 10:55:02', '2024-12-30 10:55:02'),
(61, 6, 9, '2024-12-30 10:55:02', '2024-12-30 10:55:02'),
(62, 6, 10, '2024-12-30 10:55:02', '2024-12-30 10:55:02'),
(63, 6, 11, '2024-12-30 10:55:02', '2024-12-30 10:55:02'),
(64, 6, 12, '2024-12-30 10:55:02', '2024-12-30 10:55:02'),
(65, 6, 13, '2024-12-30 10:55:02', '2024-12-30 10:55:02'),
(66, 6, 14, '2024-12-30 10:55:02', '2024-12-30 10:55:02'),
(67, 6, 15, '2024-12-30 10:55:02', '2024-12-30 10:55:02'),
(68, 6, 16, '2024-12-30 10:55:02', '2024-12-30 10:55:02'),
(69, 7, 1, '2024-12-30 10:56:46', '2024-12-30 10:56:46'),
(70, 7, 2, '2024-12-30 10:56:46', '2024-12-30 10:56:46'),
(71, 7, 3, '2024-12-30 10:56:46', '2024-12-30 10:56:46'),
(72, 7, 4, '2024-12-30 10:56:46', '2024-12-30 10:56:46'),
(73, 7, 5, '2024-12-30 10:56:46', '2024-12-30 10:56:46'),
(74, 7, 6, '2024-12-30 10:56:46', '2024-12-30 10:56:46'),
(75, 7, 7, '2024-12-30 10:56:46', '2024-12-30 10:56:46'),
(76, 7, 8, '2024-12-30 10:56:46', '2024-12-30 10:56:46'),
(77, 7, 9, '2024-12-30 10:56:46', '2024-12-30 10:56:46'),
(78, 7, 10, '2024-12-30 10:56:46', '2024-12-30 10:56:46'),
(79, 7, 11, '2024-12-30 10:56:46', '2024-12-30 10:56:46'),
(80, 7, 12, '2024-12-30 10:56:46', '2024-12-30 10:56:46'),
(81, 7, 13, '2024-12-30 10:56:46', '2024-12-30 10:56:46'),
(82, 7, 14, '2024-12-30 10:56:46', '2024-12-30 10:56:46'),
(83, 7, 15, '2024-12-30 10:56:46', '2024-12-30 10:56:46'),
(84, 7, 16, '2024-12-30 10:56:46', '2024-12-30 10:56:46'),
(85, 8, 1, '2024-12-30 10:58:22', '2024-12-30 10:58:22'),
(86, 8, 2, '2024-12-30 10:58:22', '2024-12-30 10:58:22'),
(87, 8, 3, '2024-12-30 10:58:22', '2024-12-30 10:58:22'),
(88, 8, 4, '2024-12-30 10:58:22', '2024-12-30 10:58:22'),
(89, 8, 5, '2024-12-30 10:58:22', '2024-12-30 10:58:22'),
(90, 8, 6, '2024-12-30 10:58:22', '2024-12-30 10:58:22'),
(91, 8, 7, '2024-12-30 10:58:22', '2024-12-30 10:58:22'),
(92, 8, 8, '2024-12-30 10:58:22', '2024-12-30 10:58:22'),
(93, 8, 9, '2024-12-30 10:58:22', '2024-12-30 10:58:22'),
(94, 8, 10, '2024-12-30 10:58:22', '2024-12-30 10:58:22'),
(95, 8, 11, '2024-12-30 10:58:22', '2024-12-30 10:58:22'),
(96, 8, 12, '2024-12-30 10:58:22', '2024-12-30 10:58:22'),
(97, 8, 13, '2024-12-30 10:58:22', '2024-12-30 10:58:22'),
(98, 8, 14, '2024-12-30 10:58:22', '2024-12-30 10:58:22'),
(99, 8, 15, '2024-12-30 10:58:22', '2024-12-30 10:58:22'),
(100, 8, 16, '2024-12-30 10:58:22', '2024-12-30 10:58:22'),
(101, 9, 11, '2024-12-30 11:35:18', '2024-12-30 11:35:18'),
(102, 9, 12, '2024-12-30 11:35:18', '2024-12-30 11:35:18'),
(103, 9, 13, '2024-12-30 11:35:18', '2024-12-30 11:35:18'),
(104, 9, 14, '2024-12-30 11:35:18', '2024-12-30 11:35:18'),
(105, 9, 15, '2024-12-30 11:35:18', '2024-12-30 11:35:18'),
(106, 9, 16, '2024-12-30 11:35:18', '2024-12-30 11:35:18'),
(107, 10, 10, '2024-12-30 11:37:13', '2024-12-30 11:37:13'),
(108, 10, 11, '2024-12-30 11:37:13', '2024-12-30 11:37:13'),
(109, 10, 12, '2024-12-30 11:37:13', '2024-12-30 11:37:13'),
(110, 10, 13, '2024-12-30 11:37:13', '2024-12-30 11:37:13'),
(111, 10, 14, '2024-12-30 11:37:13', '2024-12-30 11:37:13'),
(112, 10, 15, '2024-12-30 11:37:13', '2024-12-30 11:37:13'),
(113, 10, 16, '2024-12-30 11:37:13', '2024-12-30 11:37:13'),
(114, 11, 10, '2024-12-30 11:38:25', '2024-12-30 11:38:25'),
(115, 11, 11, '2024-12-30 11:38:25', '2024-12-30 11:38:25'),
(116, 11, 12, '2024-12-30 11:38:25', '2024-12-30 11:38:25'),
(117, 11, 13, '2024-12-30 11:38:25', '2024-12-30 11:38:25'),
(118, 11, 14, '2024-12-30 11:38:25', '2024-12-30 11:38:25'),
(119, 11, 15, '2024-12-30 11:38:25', '2024-12-30 11:38:25'),
(120, 11, 16, '2024-12-30 11:38:25', '2024-12-30 11:38:25'),
(121, 12, 1, '2024-12-30 11:41:16', '2024-12-30 11:41:16'),
(122, 12, 2, '2024-12-30 11:41:16', '2024-12-30 11:41:16'),
(123, 12, 3, '2024-12-30 11:41:16', '2024-12-30 11:41:16'),
(124, 12, 4, '2024-12-30 11:41:16', '2024-12-30 11:41:16'),
(125, 12, 5, '2024-12-30 11:41:16', '2024-12-30 11:41:16'),
(126, 12, 6, '2024-12-30 11:41:16', '2024-12-30 11:41:16'),
(127, 12, 7, '2024-12-30 11:41:16', '2024-12-30 11:41:16'),
(128, 12, 8, '2024-12-30 11:41:16', '2024-12-30 11:41:16'),
(129, 12, 9, '2024-12-30 11:41:16', '2024-12-30 11:41:16'),
(130, 12, 10, '2024-12-30 11:41:16', '2024-12-30 11:41:16'),
(131, 12, 11, '2024-12-30 11:41:16', '2024-12-30 11:41:16'),
(132, 12, 12, '2024-12-30 11:41:16', '2024-12-30 11:41:16'),
(133, 12, 13, '2024-12-30 11:41:16', '2024-12-30 11:41:16'),
(134, 12, 14, '2024-12-30 11:41:16', '2024-12-30 11:41:16'),
(135, 12, 15, '2024-12-30 11:41:16', '2024-12-30 11:41:16'),
(136, 12, 16, '2024-12-30 11:41:16', '2024-12-30 11:41:16');

-- --------------------------------------------------------

--
-- Table structure for table `subject_teacher_classes`
--

CREATE TABLE `subject_teacher_classes` (
  `subjectTeacherClassID` bigint(20) UNSIGNED NOT NULL,
  `subjectID` bigint(20) UNSIGNED NOT NULL,
  `userID` bigint(20) UNSIGNED NOT NULL,
  `classID` bigint(20) UNSIGNED NOT NULL,
  `created_at` timestamp NULL DEFAULT NULL,
  `updated_at` timestamp NULL DEFAULT NULL
) ENGINE=InnoDB DEFAULT CHARSET=utf8mb4 COLLATE=utf8mb4_unicode_ci;

--
-- Dumping data for table `subject_teacher_classes`
--

INSERT INTO `subject_teacher_classes` (`subjectTeacherClassID`, `subjectID`, `userID`, `classID`, `created_at`, `updated_at`) VALUES
(1, 1, 60, 1, '2025-01-11 10:36:40', '2025-01-11 10:36:40'),
(2, 5, 60, 1, '2025-01-11 10:36:40', '2025-01-11 10:36:40'),
(3, 10, 60, 56, '2025-01-11 10:36:40', '2025-01-11 10:36:40'),
(4, 1, 61, 1, '2025-01-11 10:45:56', '2025-01-11 10:45:56'),
(5, 5, 61, 1, '2025-01-11 10:45:56', '2025-01-11 10:45:56'),
(6, 1, 61, 2, '2025-01-11 10:45:56', '2025-01-11 10:45:56'),
(7, 1, 63, 1, '2025-01-18 16:24:34', '2025-01-18 16:24:34'),
(8, 5, 63, 1, '2025-01-18 16:24:34', '2025-01-18 16:24:34'),
(9, 6, 63, 1, '2025-01-18 16:24:34', '2025-01-18 16:24:34'),
(10, 7, 63, 1, '2025-01-18 16:24:34', '2025-01-18 16:24:34'),
(11, 8, 63, 1, '2025-01-18 16:24:34', '2025-01-18 16:24:34'),
(12, 12, 63, 1, '2025-01-18 16:24:34', '2025-01-18 16:24:34');

-- --------------------------------------------------------

--
-- Table structure for table `teacher_subjects`
--

CREATE TABLE `teacher_subjects` (
  `teacherSubjectID` bigint(20) UNSIGNED NOT NULL,
  `subjectID` bigint(20) UNSIGNED NOT NULL,
  `userID` bigint(20) UNSIGNED NOT NULL,
  `created_at` timestamp NULL DEFAULT NULL,
  `updated_at` timestamp NULL DEFAULT NULL
) ENGINE=InnoDB DEFAULT CHARSET=utf8mb4 COLLATE=utf8mb4_unicode_ci;

--
-- Dumping data for table `teacher_subjects`
--

INSERT INTO `teacher_subjects` (`teacherSubjectID`, `subjectID`, `userID`, `created_at`, `updated_at`) VALUES
(1, 1, 57, '2025-01-07 16:54:09', '2025-01-07 16:54:09'),
(2, 4, 57, '2025-01-07 16:54:09', '2025-01-07 16:54:09'),
(3, 2, 57, '2025-01-07 16:54:09', '2025-01-07 16:54:09'),
(4, 10, 57, '2025-01-07 16:54:09', '2025-01-07 16:54:09'),
(9, 1, 59, '2025-01-08 17:40:20', '2025-01-08 17:40:20'),
(10, 1, 59, '2025-01-08 17:40:20', '2025-01-08 17:40:20'),
(11, 5, 59, '2025-01-08 17:40:20', '2025-01-08 17:40:20'),
(12, 1, 61, '2025-01-11 10:45:56', '2025-01-11 10:45:56'),
(13, 5, 61, '2025-01-11 10:45:56', '2025-01-11 10:45:56'),
(14, 1, 61, '2025-01-11 10:45:56', '2025-01-11 10:45:56'),
(15, 1, 63, '2025-01-18 16:24:34', '2025-01-18 16:24:34'),
(16, 5, 63, '2025-01-18 16:24:34', '2025-01-18 16:24:34'),
(17, 6, 63, '2025-01-18 16:24:34', '2025-01-18 16:24:34'),
(18, 7, 63, '2025-01-18 16:24:34', '2025-01-18 16:24:34'),
(19, 8, 63, '2025-01-18 16:24:34', '2025-01-18 16:24:34'),
(20, 12, 63, '2025-01-18 16:24:34', '2025-01-18 16:24:34');

-- --------------------------------------------------------

--
-- Table structure for table `terms`
--

CREATE TABLE `terms` (
  `termID` bigint(20) UNSIGNED NOT NULL,
  `termName` varchar(50) NOT NULL,
  `created_at` timestamp NULL DEFAULT NULL,
  `updated_at` timestamp NULL DEFAULT NULL,
  `active` varchar(4) NOT NULL DEFAULT 'No'
) ENGINE=InnoDB DEFAULT CHARSET=utf8mb4 COLLATE=utf8mb4_unicode_ci;

--
-- Dumping data for table `terms`
--

INSERT INTO `terms` (`termID`, `termName`, `created_at`, `updated_at`, `active`) VALUES
(1, 'Semester One', '2025-01-15 17:16:02', '2025-01-18 16:30:19', 'Yes'),
(2, 'Semester Two', '2025-01-15 17:16:20', '2025-01-18 16:30:19', 'No'),
(3, 'Semester Three', '2025-01-15 17:16:41', '2025-01-15 17:16:41', 'No');

-- --------------------------------------------------------

--
-- Table structure for table `users`
--

CREATE TABLE `users` (
  `userID` bigint(20) UNSIGNED NOT NULL,
  `fName` varchar(15) NOT NULL,
  `lName` varchar(15) NOT NULL,
  `father` varchar(15) NOT NULL,
  `mother` varchar(15) NOT NULL,
  `address` varchar(100) NOT NULL,
  `phone` varchar(8) NOT NULL,
  `birthdate` date NOT NULL,
  `email` varchar(255) NOT NULL,
  `email_verified_at` timestamp NULL DEFAULT NULL,
  `password` varchar(255) NOT NULL,
  `role` varchar(15) NOT NULL DEFAULT 'student',
  `remember_token` varchar(100) DEFAULT NULL,
  `created_at` timestamp NULL DEFAULT NULL,
  `updated_at` timestamp NULL DEFAULT NULL,
  `genderID` bigint(20) UNSIGNED NOT NULL,
  `nationalityID` bigint(20) UNSIGNED NOT NULL,
  `classID` bigint(20) UNSIGNED DEFAULT NULL
) ENGINE=InnoDB DEFAULT CHARSET=utf8mb4 COLLATE=utf8mb4_unicode_ci;

--
-- Dumping data for table `users`
--

INSERT INTO `users` (`userID`, `fName`, `lName`, `father`, `mother`, `address`, `phone`, `birthdate`, `email`, `email_verified_at`, `password`, `role`, `remember_token`, `created_at`, `updated_at`, `genderID`, `nationalityID`, `classID`) VALUES
(2, 'Patricia', 'Bernier', 'Golden', 'Leanna', '249 Lempi Corner\nCormierview, WV 77369', '38468460', '1977-01-01', 'hand.lyla@example.net', '2025-01-02 17:43:43', '$2y$12$Agtc1pcSkZDkDWYfCHdc0e5OJbyHZ22Cp9ydB7xpiDiVqlj6.oo2S', 'admin', 'TOFxxFzML3XT28GDhdX2Emf4gbVMpt4enR0OehwnWoIdtprSoaMewhQuX9Ew', '2025-01-02 17:43:43', '2025-01-02 17:43:43', 1, 1, NULL),
(3, 'Sarah', 'Boehm', 'Boyd', 'Bethel', '304 Robel Spur Apt. 189\nHackettborough, IL 20735-2721', '04622659', '1992-12-11', 'wehner.amir@example.net', '2025-01-02 17:43:43', '$2y$12$Agtc1pcSkZDkDWYfCHdc0e5OJbyHZ22Cp9ydB7xpiDiVqlj6.oo2S', 'student', 'ntezh4u8bY', '2025-01-02 17:43:43', '2025-01-02 17:43:43', 2, 1, NULL),
(4, 'Maribel', 'King', 'Loyal', 'Marlen', '26524 Hodkiewicz Corner Apt. 921\nNew Caroleborough, ND 74994-8657', '46135611', '2008-12-08', 'xpadberg@example.org', '2025-01-02 17:43:43', '$2y$12$Agtc1pcSkZDkDWYfCHdc0e5OJbyHZ22Cp9ydB7xpiDiVqlj6.oo2S', 'student', 'FKbAPrlQ1G', '2025-01-02 17:43:43', '2025-01-02 17:43:43', 2, 1, NULL),
(5, 'Clay', 'Wolf', 'Leopoldo', 'Zita', '43461 Murazik Stream\nItzelstad, MN 87086', '92652081', '1980-12-18', 'ivory.bergnaum@example.org', '2025-01-02 17:43:43', '$2y$12$Agtc1pcSkZDkDWYfCHdc0e5OJbyHZ22Cp9ydB7xpiDiVqlj6.oo2S', 'student', 'Cd9ubEceoS', '2025-01-02 17:43:43', '2025-01-02 17:43:43', 1, 1, NULL),
(6, 'Zelda', 'Labadie', 'Carmel', 'Leslie', '972 Gail Mountains Apt. 847\nEast Lauraville, CO 77357-3444', '76356623', '2002-06-19', 'tyra84@example.com', '2025-01-02 17:43:43', '$2y$12$Agtc1pcSkZDkDWYfCHdc0e5OJbyHZ22Cp9ydB7xpiDiVqlj6.oo2S', 'student', 'lK9TT6WPOh', '2025-01-02 17:43:43', '2025-01-02 17:43:43', 2, 1, NULL),
(7, 'Ellie', 'Grimes', 'Mohammed', 'Alejandra', '8782 Lisette Via\nSouth Lucinda, VT 94330', '04468841', '2017-07-19', 'leanne19@example.net', '2025-01-02 17:43:43', '$2y$12$Agtc1pcSkZDkDWYfCHdc0e5OJbyHZ22Cp9ydB7xpiDiVqlj6.oo2S', 'student', 'A76UrZUmLp', '2025-01-02 17:43:43', '2025-01-02 17:43:43', 2, 1, NULL),
(8, 'Lennie', 'Hirthe', 'Xander', 'Cathryn', '446 Anibal Row Apt. 664\nNorth Abbigail, PA 40740', '77978683', '1996-07-12', 'zackary.gleason@example.com', '2025-01-02 17:43:43', '$2y$12$Agtc1pcSkZDkDWYfCHdc0e5OJbyHZ22Cp9ydB7xpiDiVqlj6.oo2S', 'student', 'A4WJ9PTEXN', '2025-01-02 17:43:43', '2025-01-02 17:43:43', 1, 1, NULL),
(9, 'Rose', 'Beatty', 'Kellen', 'Julianne', '326 Durward Haven Suite 209\nHilpertton, MD 65189', '03694383', '2003-01-27', 'effertz.stone@example.org', '2025-01-02 17:43:43', '$2y$12$Agtc1pcSkZDkDWYfCHdc0e5OJbyHZ22Cp9ydB7xpiDiVqlj6.oo2S', 'student', 'uv5SwjxIXp', '2025-01-02 17:43:43', '2025-01-02 17:43:43', 2, 1, NULL),
(10, 'Dolly', 'Wunsch', 'Uriah', 'Loren', '24807 Albin Divide\nFeilville, WV 73584-4507', '21240034', '2013-12-16', 'stephen.fay@example.com', '2025-01-02 17:43:43', '$2y$12$Agtc1pcSkZDkDWYfCHdc0e5OJbyHZ22Cp9ydB7xpiDiVqlj6.oo2S', 'student', '8AqSaumACj', '2025-01-02 17:43:43', '2025-01-02 17:43:43', 2, 1, NULL),
(11, 'Gennaro', 'Boyle', 'Patrick', 'Dakota', '24353 Kenton Shores\nWilliamsonmouth, NH 61565', '33322870', '1970-05-02', 'valentina.nitzsche@example.com', '2025-01-02 17:43:43', '$2y$12$Agtc1pcSkZDkDWYfCHdc0e5OJbyHZ22Cp9ydB7xpiDiVqlj6.oo2S', 'student', 'UpIDXtAR8H', '2025-01-02 17:43:43', '2025-01-02 17:43:43', 2, 1, NULL),
(12, 'Mabelle', 'Bechtelar', 'Noe', 'Krista', '35293 Joel Circle\nLake Spencermouth, DE 76796', '33974816', '2008-06-03', 'shayna59@example.net', '2025-01-02 17:43:43', '$2y$12$Agtc1pcSkZDkDWYfCHdc0e5OJbyHZ22Cp9ydB7xpiDiVqlj6.oo2S', 'student', 'xdIAj0eNpf', '2025-01-02 17:43:43', '2025-01-02 17:43:43', 1, 1, NULL),
(13, 'Demarco', 'Hickle', 'Deion', 'Janice', '82151 Daniella Path Apt. 560\nLuisberg, CA 39085', '52258942', '2009-12-26', 'ldouglas@example.org', '2025-01-02 17:43:43', '$2y$12$Agtc1pcSkZDkDWYfCHdc0e5OJbyHZ22Cp9ydB7xpiDiVqlj6.oo2S', 'student', 'hP04ZFcomf', '2025-01-02 17:43:43', '2025-01-02 17:43:43', 1, 1, NULL),
(14, 'Carmela', 'Nienow', 'Kole', 'Rosie', '2805 McLaughlin Cove\nEliezermouth, LA 60690-8252', '75703257', '1971-04-17', 'uconn@example.org', '2025-01-02 17:43:43', '$2y$12$Agtc1pcSkZDkDWYfCHdc0e5OJbyHZ22Cp9ydB7xpiDiVqlj6.oo2S', 'student', 'DDhdsHVWsl', '2025-01-02 17:43:43', '2025-01-02 17:43:43', 2, 1, NULL),
(15, 'Clementine', 'Hermann', 'Vernon', 'Jayda', '5058 Kohler Ranch Apt. 060\nNew Uriel, TX 80060-2874', '63020186', '1970-10-14', 'schoen.kay@example.org', '2025-01-02 17:43:43', '$2y$12$Agtc1pcSkZDkDWYfCHdc0e5OJbyHZ22Cp9ydB7xpiDiVqlj6.oo2S', 'student', '5xpXDnLVX2', '2025-01-02 17:43:43', '2025-01-02 17:43:43', 2, 1, NULL),
(16, 'Chelsey', 'Cormier', 'Stevie', 'Yolanda', '8576 Cormier Manor Suite 852\nSchadenchester, NM 09018-1053', '16261592', '2003-04-05', 'cecile36@example.org', '2025-01-02 17:43:43', '$2y$12$Agtc1pcSkZDkDWYfCHdc0e5OJbyHZ22Cp9ydB7xpiDiVqlj6.oo2S', 'student', 'LhO2YB3qxH', '2025-01-02 17:43:43', '2025-01-02 17:43:43', 2, 1, NULL),
(17, 'Marion', 'Beahan', 'Hazle', 'Evie', '314 Lowe Ford Suite 395\nSouth Aiyana, DE 46597-6113', '43953392', '1978-08-29', 'karina.kautzer@example.org', '2025-01-02 17:43:43', '$2y$12$Agtc1pcSkZDkDWYfCHdc0e5OJbyHZ22Cp9ydB7xpiDiVqlj6.oo2S', 'student', '4B1IcMvTNi', '2025-01-02 17:43:43', '2025-01-02 17:43:43', 2, 1, NULL),
(18, 'Catalina', 'Anderson', 'Al', 'Shemar', '484 Connelly Alley Apt. 077\nLake Rafaelafort, ID 29535-2152', '60095360', '2008-02-21', 'gunner18@example.net', '2025-01-02 17:43:43', '$2y$12$Agtc1pcSkZDkDWYfCHdc0e5OJbyHZ22Cp9ydB7xpiDiVqlj6.oo2S', 'student', 'eMNVnQDdO4', '2025-01-02 17:43:43', '2025-01-02 17:43:43', 2, 1, NULL),
(19, 'Nyah', 'Vandervort', 'Malcolm', 'Laurine', '3634 Emily Village Suite 637\nSouth Kamren, CT 62596', '16182938', '1995-12-22', 'tanya39@example.net', '2025-01-02 17:43:43', '$2y$12$Agtc1pcSkZDkDWYfCHdc0e5OJbyHZ22Cp9ydB7xpiDiVqlj6.oo2S', 'student', 'v9oFqYZaym', '2025-01-02 17:43:43', '2025-01-02 17:43:43', 2, 1, NULL),
(20, 'Naomie', 'Rogahn', 'Marshall', 'Renee', '778 Earnest Stravenue Suite 893\nSouth Flossie, WA 63918', '95429881', '2007-06-03', 'reinger.dagmar@example.com', '2025-01-02 17:43:43', '$2y$12$Agtc1pcSkZDkDWYfCHdc0e5OJbyHZ22Cp9ydB7xpiDiVqlj6.oo2S', 'student', 'OoEVp2Vtrn', '2025-01-02 17:43:43', '2025-01-02 17:43:43', 1, 1, NULL),
(21, 'Bianka', 'Legros', 'Junior', 'Darlene', '683 Kuphal Ridge\nWestonberg, IA 48593', '56771332', '2002-02-22', 'wlynch@example.com', '2025-01-02 17:43:43', '$2y$12$Agtc1pcSkZDkDWYfCHdc0e5OJbyHZ22Cp9ydB7xpiDiVqlj6.oo2S', 'student', '4nPxv1BFGD', '2025-01-02 17:43:43', '2025-01-02 17:43:43', 2, 1, NULL),
(22, 'Jasmin', 'Ruecker', 'Guillermo', 'Camylle', '8868 Eliseo Trail Apt. 390\nLake Lorenzo, PA 42939', '68289225', '1993-05-05', 'lee40@example.net', '2025-01-02 17:43:43', '$2y$12$Agtc1pcSkZDkDWYfCHdc0e5OJbyHZ22Cp9ydB7xpiDiVqlj6.oo2S', 'student', 'chDkjfAqiQ', '2025-01-02 17:43:43', '2025-01-02 17:43:43', 1, 1, NULL),
(23, 'Lurline', 'Grant', 'Kaleigh', 'Shemar', '6943 Trantow Heights Apt. 445\nEffertzborough, ID 17804', '21020116', '1985-05-05', 'bergnaum.santino@example.net', '2025-01-02 17:43:43', '$2y$12$Agtc1pcSkZDkDWYfCHdc0e5OJbyHZ22Cp9ydB7xpiDiVqlj6.oo2S', 'student', 'Kend3QZkRC', '2025-01-02 17:43:43', '2025-01-02 17:43:43', 1, 1, NULL),
(24, 'Kellie', 'Welch', 'Leif', 'Lilly', '9093 Metz Bypass Apt. 880\nCierramouth, IL 22701', '96258966', '2023-07-10', 'qschimmel@example.com', '2025-01-02 17:43:43', '$2y$12$Agtc1pcSkZDkDWYfCHdc0e5OJbyHZ22Cp9ydB7xpiDiVqlj6.oo2S', 'student', 'nA1LglV0na', '2025-01-02 17:43:43', '2025-01-02 17:43:43', 1, 1, NULL),
(25, 'Carlee', 'Hansen', 'Carey', 'Felipa', '2960 Megane Lane\nWest Kristofer, HI 23055', '43955525', '1987-04-23', 'lockman.kamron@example.org', '2025-01-02 17:43:43', '$2y$12$Agtc1pcSkZDkDWYfCHdc0e5OJbyHZ22Cp9ydB7xpiDiVqlj6.oo2S', 'student', 'NgF8WV2qWE', '2025-01-02 17:43:43', '2025-01-02 17:43:43', 2, 1, NULL),
(26, 'Lafayette', 'Runolfsdottir', 'Giuseppe', 'Dariana', '62573 Champlin Centers\nLake Hailee, IL 07821-0808', '88819126', '2012-12-11', 'hermiston.braulio@example.net', '2025-01-02 17:43:43', '$2y$12$Agtc1pcSkZDkDWYfCHdc0e5OJbyHZ22Cp9ydB7xpiDiVqlj6.oo2S', 'student', 'N7PWGQDxVr', '2025-01-02 17:43:43', '2025-01-02 17:43:43', 2, 1, NULL),
(27, 'German', 'Thompson', 'Lisandro', 'Yessenia', '678 Modesta Club Apt. 840\nPort Alexandrastad, OK 34814-3127', '53138436', '1994-08-10', 'schoen.abner@example.org', '2025-01-02 17:43:43', '$2y$12$Agtc1pcSkZDkDWYfCHdc0e5OJbyHZ22Cp9ydB7xpiDiVqlj6.oo2S', 'student', 'vqKunqORO8', '2025-01-02 17:43:43', '2025-01-02 17:43:43', 2, 1, NULL),
(28, 'Cornelius', 'Moore', 'Jan', 'Teresa', '7802 Abernathy Stream Suite 352\nEast Maudefort, NM 58573', '54265464', '1991-11-27', 'schmitt.guy@example.net', '2025-01-02 17:43:43', '$2y$12$Agtc1pcSkZDkDWYfCHdc0e5OJbyHZ22Cp9ydB7xpiDiVqlj6.oo2S', 'student', 'ULKJCqLgW0', '2025-01-02 17:43:43', '2025-01-02 17:43:43', 1, 1, NULL),
(29, 'Edmond', 'Kuhn', 'Timmothy', 'Princess', '36084 Oberbrunner Well Suite 339\nZiemannchester, ND 27233', '34726642', '1992-02-27', 'isporer@example.net', '2025-01-02 17:43:43', '$2y$12$Agtc1pcSkZDkDWYfCHdc0e5OJbyHZ22Cp9ydB7xpiDiVqlj6.oo2S', 'student', 'Naebd1oFxW', '2025-01-02 17:43:43', '2025-01-02 17:43:43', 2, 1, NULL),
(30, 'Loy', 'Dietrich', 'Armando', 'Martina', '741 Citlalli Fords Apt. 774\nAlberthastad, FL 11751-8370', '97680231', '2021-10-29', 'wwilliamson@example.com', '2025-01-02 17:43:43', '$2y$12$Agtc1pcSkZDkDWYfCHdc0e5OJbyHZ22Cp9ydB7xpiDiVqlj6.oo2S', 'student', '0LSPAXaYc0', '2025-01-02 17:43:43', '2025-01-02 17:43:43', 1, 1, NULL),
(31, 'Erick', 'Tremblay', 'Denis', 'Kylie', '8625 Cynthia Green\nPacochafort, NC 76956', '06051924', '2011-10-06', 'elta89@example.net', '2025-01-02 17:43:43', '$2y$12$Agtc1pcSkZDkDWYfCHdc0e5OJbyHZ22Cp9ydB7xpiDiVqlj6.oo2S', 'student', 'cYVrrcUyIt', '2025-01-02 17:43:43', '2025-01-02 17:43:43', 1, 1, NULL),
(32, 'Susie', 'Ruecker', 'Armando', 'Josefa', '55389 Shields Route\nCadenmouth, MD 54360', '79618636', '1995-02-23', 'madelyn87@example.net', '2025-01-02 17:43:43', '$2y$12$Agtc1pcSkZDkDWYfCHdc0e5OJbyHZ22Cp9ydB7xpiDiVqlj6.oo2S', 'student', 'ShR9aeRiO4', '2025-01-02 17:43:43', '2025-01-02 17:43:43', 2, 1, NULL),
(35, 'Haven', 'Steuber', 'Manley', 'Gwendolyn', '9005 Crist Mountain Suite 378\nLake Lennyview, RI 65596', '40287533', '1977-03-27', 'xkirlin@example.org', '2025-01-02 17:43:43', '$2y$12$Agtc1pcSkZDkDWYfCHdc0e5OJbyHZ22Cp9ydB7xpiDiVqlj6.oo2S', 'student', 'S3DFKTM5dy', '2025-01-02 17:43:43', '2025-01-02 17:43:43', 1, 1, NULL),
(36, 'Yasmin', 'Gibson', 'Hazle', 'Cordie', '47750 Leon Island\nWest Murlmouth, MI 30233-9218', '87179137', '1992-08-28', 'robyn.mayer@example.net', '2025-01-02 17:43:43', '$2y$12$Agtc1pcSkZDkDWYfCHdc0e5OJbyHZ22Cp9ydB7xpiDiVqlj6.oo2S', 'student', 'A5Mk0fBc86', '2025-01-02 17:43:43', '2025-01-02 17:43:43', 2, 1, NULL),
(37, 'Jany', 'Gleichner', 'Lawrence', 'Madelyn', '17645 Geraldine Burg Apt. 159\nWest Stellafort, AZ 42819-0346', '58744762', '1987-07-25', 'johns.jacinthe@example.net', '2025-01-02 17:43:43', '$2y$12$Agtc1pcSkZDkDWYfCHdc0e5OJbyHZ22Cp9ydB7xpiDiVqlj6.oo2S', 'student', 'ngInF6GE0j', '2025-01-02 17:43:43', '2025-01-02 17:43:43', 1, 1, NULL),
(38, 'Claudia', 'Auer', 'Lon', 'Katelynn', '5627 Wilber Villages Suite 222\nWest Dock, ND 90274-7923', '50948841', '1985-10-22', 'parisian.margarete@example.net', '2025-01-02 17:43:43', '$2y$12$Agtc1pcSkZDkDWYfCHdc0e5OJbyHZ22Cp9ydB7xpiDiVqlj6.oo2S', 'student', 'F8DCjy8MGG', '2025-01-02 17:43:43', '2025-01-02 17:43:43', 1, 1, NULL),
(39, 'Susana', 'Lynch', 'Logan', 'Alba', '18846 Wolff Prairie\nJenkinsville, LA 42439', '18619073', '1980-02-06', 'elinor.bauch@example.com', '2025-01-02 17:43:43', '$2y$12$Agtc1pcSkZDkDWYfCHdc0e5OJbyHZ22Cp9ydB7xpiDiVqlj6.oo2S', 'student', 'ULfzklzxFi', '2025-01-02 17:43:43', '2025-01-02 17:43:43', 2, 1, NULL),
(40, 'Eduardo', 'Champlin', 'Delaney', 'Linnea', '1206 Hudson Cape\nNorth Kiarraberg, ID 07774', '75064104', '2018-06-10', 'rex.skiles@example.net', '2025-01-02 17:43:43', '$2y$12$Agtc1pcSkZDkDWYfCHdc0e5OJbyHZ22Cp9ydB7xpiDiVqlj6.oo2S', 'student', 'bhAno5I1h0', '2025-01-02 17:43:43', '2025-01-02 17:43:43', 2, 1, NULL),
(41, 'Gregorio', 'Koch', 'Kim', 'Stella', '544 Macejkovic Harbors Apt. 284\nSmithamton, ID 63062-1148', '34024752', '2018-06-01', 'ebednar@example.com', '2025-01-02 17:43:43', '$2y$12$Agtc1pcSkZDkDWYfCHdc0e5OJbyHZ22Cp9ydB7xpiDiVqlj6.oo2S', 'student', '1VTxzvBjw0', '2025-01-02 17:43:43', '2025-01-02 17:43:43', 1, 1, NULL),
(42, 'Ocie', 'Greenholt', 'Maxwell', 'Kailey', '57063 Yost Pines\nBerniecestad, UT 94113', '07744015', '2016-05-04', 'areichel@example.net', '2025-01-02 17:43:43', '$2y$12$Agtc1pcSkZDkDWYfCHdc0e5OJbyHZ22Cp9ydB7xpiDiVqlj6.oo2S', 'student', 'Ya6xF5wofB', '2025-01-02 17:43:43', '2025-01-02 17:43:43', 2, 1, NULL),
(43, 'Jayda', 'Bechtelar', 'Jordan', 'Adela', '47907 Zboncak Pines Apt. 024\nAiyanachester, AL 67341', '43639815', '2020-02-09', 'runolfsson.davin@example.org', '2025-01-02 17:43:43', '$2y$12$Agtc1pcSkZDkDWYfCHdc0e5OJbyHZ22Cp9ydB7xpiDiVqlj6.oo2S', 'student', 'U6lt0oUQw7', '2025-01-02 17:43:43', '2025-01-02 17:43:43', 1, 1, NULL),
(44, 'Nelda', 'Luettgen', 'Jayden', 'Courtney', '400 Johns Road Suite 325\nMalindaborough, AZ 07977', '46406815', '2002-10-09', 'ethel24@example.net', '2025-01-02 17:43:43', '$2y$12$Agtc1pcSkZDkDWYfCHdc0e5OJbyHZ22Cp9ydB7xpiDiVqlj6.oo2S', 'student', 'pdY4inMdTM', '2025-01-02 17:43:43', '2025-01-02 17:43:43', 2, 1, NULL),
(45, 'Kara', 'Kris', 'Kendall', 'Monica', '76848 Muller Springs\nPort Reggie, WV 34824-9910', '65685558', '2023-10-27', 'dkuhlman@example.com', '2025-01-02 17:43:43', '$2y$12$Agtc1pcSkZDkDWYfCHdc0e5OJbyHZ22Cp9ydB7xpiDiVqlj6.oo2S', 'student', 'xiSf0AF264', '2025-01-02 17:43:43', '2025-01-02 17:43:43', 2, 1, NULL),
(46, 'Claude', 'Johnston', 'Larue', 'Fannie', '9316 Gunnar Terrace\nPort Darlenemouth, RI 58176', '24192875', '1978-07-28', 'terry.adams@example.org', '2025-01-02 17:43:43', '$2y$12$Agtc1pcSkZDkDWYfCHdc0e5OJbyHZ22Cp9ydB7xpiDiVqlj6.oo2S', 'student', '55mBZZnR70', '2025-01-02 17:43:43', '2025-01-02 17:43:43', 1, 1, NULL),
(49, 'Roderick', 'Wiegand', 'Eldred', 'Sunny', '23140 Amira Springs\nSouth Alessandra, AL 48354-0623', '94738542', '1979-08-19', 'bthompson@example.org', '2025-01-02 17:43:43', '$2y$12$Agtc1pcSkZDkDWYfCHdc0e5OJbyHZ22Cp9ydB7xpiDiVqlj6.oo2S', 'student', 'etVfKQHfei', '2025-01-02 17:43:43', '2025-01-02 17:43:43', 1, 1, NULL),
(50, 'Melyna', 'Reichel', 'Van', 'Mariela', '314 Letitia Square\nGunnarport, ID 88101', '94144325', '1978-02-18', 'mafalda92@example.org', '2025-01-02 17:43:43', '$2y$12$Agtc1pcSkZDkDWYfCHdc0e5OJbyHZ22Cp9ydB7xpiDiVqlj6.oo2S', 'student', 'Xnix7mHO50', '2025-01-02 17:43:43', '2025-01-02 17:43:43', 2, 1, NULL),
(51, 'Noemie', 'Lubowitz', 'Berta', 'Mara', '68102 Jarvis Way Suite 935\nFlatleytown, NH 45794', '79775763', '2009-07-20', 'jeramie.renner@example.com', '2025-01-02 17:43:43', '$2y$12$Agtc1pcSkZDkDWYfCHdc0e5OJbyHZ22Cp9ydB7xpiDiVqlj6.oo2S', 'student', 'i1y1VhozgY', '2025-01-02 17:43:43', '2025-01-02 17:43:43', 2, 1, NULL),
(52, 'mohammad', 'haj', 'ayman', 'rouba', 'nabatieh', '03612871', '1997-05-06', 'Barbish.institution@gmail.com', NULL, '$2y$12$dexKrV7USaCGLWLZdFFimODWPR.DuilWKHM20OoCPUaqMMrGUhMzK', 'student', NULL, '2025-01-03 16:35:50', '2025-01-03 16:35:50', 1, 1, 1),
(53, 'ali', 'haj', 'ayman', 'rouba r', 'nabatieh', '71878246', '2024-12-29', 'mohammedalhaj14@gmail.com', NULL, '$2y$12$ViNsMActGMueeDfkdeesguWWlDYWXtfltBa0G14Rgoo18goemEXDu', 'student', NULL, '2025-01-03 17:32:05', '2025-01-03 17:32:05', 1, 1, 1),
(55, 'mohammad', 'haj', 'ayman', 'rouba', 'kurah', '76111111', '2025-01-11', 'barbish.insti111tution@gmail.com', NULL, '$2y$12$y1jD1Sun4A/DbAsmhhpIv.Pr/0fIbIyfSHPtJlOte3MJt6BzV0NOq', 'student', NULL, '2025-01-05 13:15:26', '2025-01-05 13:15:26', 1, 1, 2),
(56, 'mohammad', 'haj', 'ayman', 'rouba', 'kurah', '76111112', '2025-01-11', 'barbish.insti11tution@gmail.com', '2025-01-05 13:42:48', '$2y$12$8PfBsz40oaPqDiPmuoXbyuDGFNh41J5Eiky7EUQu9nydq8yN4LYp.', 'student', 'lhzgkBpYJNbO44ralwRZLO5lVZrjGztG9zQxYEUljq03EPvBbIUagsRShShu', '2025-01-05 13:41:10', '2025-01-05 13:42:48', 1, 1, 2),
(57, 'osama', 'haj', 'ayman', 'ruba', 'kurah', '03444444', '2025-01-14', 'hand1.lyla@example.net', NULL, '$2y$12$r48QE/oqql3HMTKAJ.N7XukM0dPgJzA2ag2BAbcU2W.3me7IQNKYK', 'teacher', NULL, '2025-01-07 16:54:09', '2025-01-07 16:54:09', 1, 1, NULL),
(59, 'mohammad', 'haj', 'ayman', 'ruba', 'kurah', '03212121', '2025-01-29', 'mohammedalhaj@gmail.com', NULL, '$2y$12$iYsdS.//M1U3Go5xzRkxLOZvK3ptZ86VCaojYtzci0NHl7KpuNTnm', 'teacher', NULL, '2025-01-08 17:40:20', '2025-01-08 17:40:20', 1, 1, NULL),
(60, 'khalid', 'hamoud', 'ayman', 'rasha', 'tripooli', '76123456', '2025-01-30', 'xrenner.111@example.org', NULL, '$2y$12$orh3UytG382r90T97L5FmO6mM2OkZ/wZi2cERBlQTm8nK9d5hhAEe', 'teacher', NULL, '2025-01-11 10:36:40', '2025-01-11 10:36:40', 1, 1, NULL),
(61, 'khalid', 'kanj', 'ali', 'ahlam', 'batroun', '81002202', '2025-01-23', 'mohammedalhaj1444@gmail.com', NULL, '$2y$12$HlT7xXw6WlRWgYFhtDpEfekNZJuBuC.iFSHb4cDiIKV0CqIDOCcUO', 'teacher', NULL, '2025-01-11 10:45:56', '2025-01-11 10:45:56', 1, 1, NULL),
(62, 'ahmad', 'haj', 'ghassan', 'deeema', 'nabatieh', '03374566', '2025-01-24', 'ahmad@gmail.com', NULL, '$2y$12$WxrwOOoRJNpxBjYWoqBDaO3/vdH/.2eI34BSd8uVSvMJyvn0W.zKq', 'student', NULL, '2025-01-18 15:02:33', '2025-01-18 15:02:33', 1, 1, 1),
(63, 'ghassan', 'ahmad', 'ali', 'hiba', 'nabatieh', '71002233', '2025-01-08', 'ghassan@gmail.com', NULL, '$2y$12$nyKJBfSXhcmPaxb1evFOre2Vl8fzAgBG0farQQedIbdCw7sCeFpY.', 'teacher', NULL, '2025-01-18 16:24:34', '2025-01-18 16:24:34', 1, 1, NULL);

--
-- Indexes for dumped tables
--

--
-- Indexes for table `cache`
--
ALTER TABLE `cache`
  ADD PRIMARY KEY (`key`);

--
-- Indexes for table `cache_locks`
--
ALTER TABLE `cache_locks`
  ADD PRIMARY KEY (`key`);

--
-- Indexes for table `certificates`
--
ALTER TABLE `certificates`
  ADD PRIMARY KEY (`certificateID`);

--
-- Indexes for table `certificate_departments`
--
ALTER TABLE `certificate_departments`
  ADD PRIMARY KEY (`certificateDepartmentID`),
  ADD KEY `certificate_departments_certificateid_foreign` (`certificateID`),
  ADD KEY `certificate_departments_departmentid_foreign` (`departmentID`);

--
-- Indexes for table `classes`
--
ALTER TABLE `classes`
  ADD PRIMARY KEY (`classID`),
  ADD KEY `classes_languageid_foreign` (`languageID`),
  ADD KEY `classes_sectionid_foreign` (`sectionID`),
  ADD KEY `classes_certificatedepartmentid_foreign` (`certificateDepartmentID`);

--
-- Indexes for table `class_teachers`
--
ALTER TABLE `class_teachers`
  ADD PRIMARY KEY (`classTeacherID`),
  ADD KEY `class_teachers_classid_foreign` (`classID`),
  ADD KEY `class_teachers_userid_foreign` (`userID`);

--
-- Indexes for table `departments`
--
ALTER TABLE `departments`
  ADD PRIMARY KEY (`departmentID`);

--
-- Indexes for table `failed_jobs`
--
ALTER TABLE `failed_jobs`
  ADD PRIMARY KEY (`id`),
  ADD UNIQUE KEY `failed_jobs_uuid_unique` (`uuid`);

--
-- Indexes for table `genders`
--
ALTER TABLE `genders`
  ADD PRIMARY KEY (`genderID`);

--
-- Indexes for table `grades`
--
ALTER TABLE `grades`
  ADD PRIMARY KEY (`gradeID`);

--
-- Indexes for table `grade_user_classe_subject_terms`
--
ALTER TABLE `grade_user_classe_subject_terms`
  ADD PRIMARY KEY (`gradeUserClasseSubjectTermID`),
  ADD KEY `grade_user_classe_subject_terms_gradeid_foreign` (`gradeID`),
  ADD KEY `grade_user_classe_subject_terms_userid_foreign` (`userID`),
  ADD KEY `grade_user_classe_subject_terms_classid_foreign` (`classID`),
  ADD KEY `grade_user_classe_subject_terms_subjectid_foreign` (`subjectID`),
  ADD KEY `grade_user_classe_subject_terms_termid_foreign` (`termID`);

--
-- Indexes for table `images`
--
ALTER TABLE `images`
  ADD PRIMARY KEY (`id`);

--
-- Indexes for table `jobs`
--
ALTER TABLE `jobs`
  ADD PRIMARY KEY (`id`),
  ADD KEY `jobs_queue_index` (`queue`);

--
-- Indexes for table `job_batches`
--
ALTER TABLE `job_batches`
  ADD PRIMARY KEY (`id`);

--
-- Indexes for table `languages`
--
ALTER TABLE `languages`
  ADD PRIMARY KEY (`languageID`);

--
-- Indexes for table `migrations`
--
ALTER TABLE `migrations`
  ADD PRIMARY KEY (`id`);

--
-- Indexes for table `nationalities`
--
ALTER TABLE `nationalities`
  ADD PRIMARY KEY (`nationalityID`);

--
-- Indexes for table `password_reset_tokens`
--
ALTER TABLE `password_reset_tokens`
  ADD PRIMARY KEY (`email`);

--
-- Indexes for table `sections`
--
ALTER TABLE `sections`
  ADD PRIMARY KEY (`sectionID`);

--
-- Indexes for table `sessions`
--
ALTER TABLE `sessions`
  ADD PRIMARY KEY (`id`),
  ADD KEY `sessions_user_id_index` (`user_id`),
  ADD KEY `sessions_last_activity_index` (`last_activity`);

--
-- Indexes for table `subjects`
--
ALTER TABLE `subjects`
  ADD PRIMARY KEY (`subjectID`);

--
-- Indexes for table `subject_certificate_departments`
--
ALTER TABLE `subject_certificate_departments`
  ADD PRIMARY KEY (`subjectCertificateDepartmentID`),
  ADD KEY `subject_certificate_departments_subjectid_foreign` (`subjectID`),
  ADD KEY `subject_certificate_departments_certificatedepartmentid_foreign` (`certificateDepartmentID`);

--
-- Indexes for table `subject_teacher_classes`
--
ALTER TABLE `subject_teacher_classes`
  ADD PRIMARY KEY (`subjectTeacherClassID`),
  ADD KEY `subject_teacher_classes_subjectid_foreign` (`subjectID`),
  ADD KEY `subject_teacher_classes_userid_foreign` (`userID`),
  ADD KEY `subject_teacher_classes_classid_foreign` (`classID`);

--
-- Indexes for table `teacher_subjects`
--
ALTER TABLE `teacher_subjects`
  ADD PRIMARY KEY (`teacherSubjectID`),
  ADD KEY `teacher_subjects_subjectid_foreign` (`subjectID`),
  ADD KEY `teacher_subjects_userid_foreign` (`userID`);

--
-- Indexes for table `terms`
--
ALTER TABLE `terms`
  ADD PRIMARY KEY (`termID`);

--
-- Indexes for table `users`
--
ALTER TABLE `users`
  ADD PRIMARY KEY (`userID`),
  ADD UNIQUE KEY `users_phone_unique` (`phone`),
  ADD UNIQUE KEY `users_email_unique` (`email`),
  ADD KEY `users_genderid_foreign` (`genderID`),
  ADD KEY `users_nationalityid_foreign` (`nationalityID`),
  ADD KEY `users_classid_foreign` (`classID`);

--
-- AUTO_INCREMENT for dumped tables
--

--
-- AUTO_INCREMENT for table `certificates`
--
ALTER TABLE `certificates`
  MODIFY `certificateID` bigint(20) UNSIGNED NOT NULL AUTO_INCREMENT, AUTO_INCREMENT=13;

--
-- AUTO_INCREMENT for table `certificate_departments`
--
ALTER TABLE `certificate_departments`
  MODIFY `certificateDepartmentID` bigint(20) UNSIGNED NOT NULL AUTO_INCREMENT, AUTO_INCREMENT=17;

--
-- AUTO_INCREMENT for table `classes`
--
ALTER TABLE `classes`
  MODIFY `classID` bigint(20) UNSIGNED NOT NULL AUTO_INCREMENT, AUTO_INCREMENT=97;

--
-- AUTO_INCREMENT for table `class_teachers`
--
ALTER TABLE `class_teachers`
  MODIFY `classTeacherID` bigint(20) UNSIGNED NOT NULL AUTO_INCREMENT, AUTO_INCREMENT=21;

--
-- AUTO_INCREMENT for table `departments`
--
ALTER TABLE `departments`
  MODIFY `departmentID` bigint(20) UNSIGNED NOT NULL AUTO_INCREMENT, AUTO_INCREMENT=8;

--
-- AUTO_INCREMENT for table `failed_jobs`
--
ALTER TABLE `failed_jobs`
  MODIFY `id` bigint(20) UNSIGNED NOT NULL AUTO_INCREMENT;

--
-- AUTO_INCREMENT for table `genders`
--
ALTER TABLE `genders`
  MODIFY `genderID` bigint(20) UNSIGNED NOT NULL AUTO_INCREMENT, AUTO_INCREMENT=3;

--
-- AUTO_INCREMENT for table `grades`
--
ALTER TABLE `grades`
  MODIFY `gradeID` bigint(20) UNSIGNED NOT NULL AUTO_INCREMENT, AUTO_INCREMENT=13;

--
-- AUTO_INCREMENT for table `grade_user_classe_subject_terms`
--
ALTER TABLE `grade_user_classe_subject_terms`
  MODIFY `gradeUserClasseSubjectTermID` bigint(20) UNSIGNED NOT NULL AUTO_INCREMENT, AUTO_INCREMENT=25;

--
-- AUTO_INCREMENT for table `images`
--
ALTER TABLE `images`
  MODIFY `id` bigint(20) UNSIGNED NOT NULL AUTO_INCREMENT, AUTO_INCREMENT=3;

--
-- AUTO_INCREMENT for table `jobs`
--
ALTER TABLE `jobs`
  MODIFY `id` bigint(20) UNSIGNED NOT NULL AUTO_INCREMENT;

--
-- AUTO_INCREMENT for table `languages`
--
ALTER TABLE `languages`
  MODIFY `languageID` bigint(20) UNSIGNED NOT NULL AUTO_INCREMENT, AUTO_INCREMENT=3;

--
-- AUTO_INCREMENT for table `migrations`
--
ALTER TABLE `migrations`
  MODIFY `id` int(10) UNSIGNED NOT NULL AUTO_INCREMENT, AUTO_INCREMENT=52;

--
-- AUTO_INCREMENT for table `nationalities`
--
ALTER TABLE `nationalities`
  MODIFY `nationalityID` bigint(20) UNSIGNED NOT NULL AUTO_INCREMENT, AUTO_INCREMENT=2;

--
-- AUTO_INCREMENT for table `sections`
--
ALTER TABLE `sections`
  MODIFY `sectionID` bigint(20) UNSIGNED NOT NULL AUTO_INCREMENT, AUTO_INCREMENT=4;

--
-- AUTO_INCREMENT for table `subjects`
--
ALTER TABLE `subjects`
  MODIFY `subjectID` bigint(20) UNSIGNED NOT NULL AUTO_INCREMENT, AUTO_INCREMENT=13;

--
-- AUTO_INCREMENT for table `subject_certificate_departments`
--
ALTER TABLE `subject_certificate_departments`
  MODIFY `subjectCertificateDepartmentID` bigint(20) UNSIGNED NOT NULL AUTO_INCREMENT, AUTO_INCREMENT=137;

--
-- AUTO_INCREMENT for table `subject_teacher_classes`
--
ALTER TABLE `subject_teacher_classes`
  MODIFY `subjectTeacherClassID` bigint(20) UNSIGNED NOT NULL AUTO_INCREMENT, AUTO_INCREMENT=13;

--
-- AUTO_INCREMENT for table `teacher_subjects`
--
ALTER TABLE `teacher_subjects`
  MODIFY `teacherSubjectID` bigint(20) UNSIGNED NOT NULL AUTO_INCREMENT, AUTO_INCREMENT=21;

--
-- AUTO_INCREMENT for table `terms`
--
ALTER TABLE `terms`
  MODIFY `termID` bigint(20) UNSIGNED NOT NULL AUTO_INCREMENT, AUTO_INCREMENT=4;

--
-- AUTO_INCREMENT for table `users`
--
ALTER TABLE `users`
  MODIFY `userID` bigint(20) UNSIGNED NOT NULL AUTO_INCREMENT, AUTO_INCREMENT=64;

--
-- Constraints for dumped tables
--

--
-- Constraints for table `certificate_departments`
--
ALTER TABLE `certificate_departments`
  ADD CONSTRAINT `certificate_departments_certificateid_foreign` FOREIGN KEY (`certificateID`) REFERENCES `certificates` (`certificateID`),
  ADD CONSTRAINT `certificate_departments_departmentid_foreign` FOREIGN KEY (`departmentID`) REFERENCES `departments` (`departmentID`);

--
-- Constraints for table `classes`
--
ALTER TABLE `classes`
  ADD CONSTRAINT `classes_certificatedepartmentid_foreign` FOREIGN KEY (`certificateDepartmentID`) REFERENCES `certificate_departments` (`certificateDepartmentID`),
  ADD CONSTRAINT `classes_languageid_foreign` FOREIGN KEY (`languageID`) REFERENCES `languages` (`languageID`),
  ADD CONSTRAINT `classes_sectionid_foreign` FOREIGN KEY (`sectionID`) REFERENCES `sections` (`sectionID`);

--
-- Constraints for table `class_teachers`
--
ALTER TABLE `class_teachers`
  ADD CONSTRAINT `class_teachers_classid_foreign` FOREIGN KEY (`classID`) REFERENCES `classes` (`classID`),
  ADD CONSTRAINT `class_teachers_userid_foreign` FOREIGN KEY (`userID`) REFERENCES `users` (`userID`) ON DELETE CASCADE;

--
-- Constraints for table `grade_user_classe_subject_terms`
--
ALTER TABLE `grade_user_classe_subject_terms`
  ADD CONSTRAINT `grade_user_classe_subject_terms_classid_foreign` FOREIGN KEY (`classID`) REFERENCES `classes` (`classID`) ON DELETE CASCADE,
  ADD CONSTRAINT `grade_user_classe_subject_terms_gradeid_foreign` FOREIGN KEY (`gradeID`) REFERENCES `grades` (`gradeID`) ON DELETE CASCADE,
  ADD CONSTRAINT `grade_user_classe_subject_terms_subjectid_foreign` FOREIGN KEY (`subjectID`) REFERENCES `subjects` (`subjectID`) ON DELETE CASCADE,
  ADD CONSTRAINT `grade_user_classe_subject_terms_termid_foreign` FOREIGN KEY (`termID`) REFERENCES `terms` (`termID`) ON DELETE CASCADE,
  ADD CONSTRAINT `grade_user_classe_subject_terms_userid_foreign` FOREIGN KEY (`userID`) REFERENCES `users` (`userID`) ON DELETE CASCADE;

--
-- Constraints for table `subject_certificate_departments`
--
ALTER TABLE `subject_certificate_departments`
  ADD CONSTRAINT `subject_certificate_departments_certificatedepartmentid_foreign` FOREIGN KEY (`certificateDepartmentID`) REFERENCES `certificate_departments` (`certificateDepartmentID`),
  ADD CONSTRAINT `subject_certificate_departments_subjectid_foreign` FOREIGN KEY (`subjectID`) REFERENCES `subjects` (`subjectID`);

--
-- Constraints for table `subject_teacher_classes`
--
ALTER TABLE `subject_teacher_classes`
  ADD CONSTRAINT `subject_teacher_classes_classid_foreign` FOREIGN KEY (`classID`) REFERENCES `classes` (`classID`),
  ADD CONSTRAINT `subject_teacher_classes_subjectid_foreign` FOREIGN KEY (`subjectID`) REFERENCES `subjects` (`subjectID`),
  ADD CONSTRAINT `subject_teacher_classes_userid_foreign` FOREIGN KEY (`userID`) REFERENCES `users` (`userID`) ON DELETE CASCADE;

--
-- Constraints for table `teacher_subjects`
--
ALTER TABLE `teacher_subjects`
  ADD CONSTRAINT `teacher_subjects_subjectid_foreign` FOREIGN KEY (`subjectID`) REFERENCES `subjects` (`subjectID`),
  ADD CONSTRAINT `teacher_subjects_userid_foreign` FOREIGN KEY (`userID`) REFERENCES `users` (`userID`) ON DELETE CASCADE;

--
-- Constraints for table `users`
--
ALTER TABLE `users`
  ADD CONSTRAINT `users_classid_foreign` FOREIGN KEY (`classID`) REFERENCES `classes` (`classID`),
  ADD CONSTRAINT `users_genderid_foreign` FOREIGN KEY (`genderID`) REFERENCES `genders` (`genderID`),
  ADD CONSTRAINT `users_nationalityid_foreign` FOREIGN KEY (`nationalityID`) REFERENCES `nationalities` (`nationalityID`);
COMMIT;

/*!40101 SET CHARACTER_SET_CLIENT=@OLD_CHARACTER_SET_CLIENT */;
/*!40101 SET CHARACTER_SET_RESULTS=@OLD_CHARACTER_SET_RESULTS */;
/*!40101 SET COLLATION_CONNECTION=@OLD_COLLATION_CONNECTION */;
